transaction_id,customer_name,amount,transaction_date,city
b199c607-aa6e-4b98-8684-edb96ffd99d2,Penny Stuart,3626.05,2026-01-22,Davisbury
36d72c9a-80e7-41bc-9f93-0f45c03afcc9,Raymond Peterson,9374.79,2026-02-20,Lake Sherry
f05a8d30-4496-4ca9-aced-b07a2b68e3cc,Jason Smith,9744.09,2026-02-03,South Frank
560f4a42-6cac-41cc-8c04-45b1245e86eb,Angela Cunningham,2033.9,2026-01-01,Foxhaven
8a81f76f-625f-4d61-9f9a-31f36f3b8eed,Richard Williams,7375.4,2026-02-16,New Derrickburgh
7746cd7c-9f4b-46ee-bfd3-6d82e73d1653,Christine Davis,4619.23,2026-02-09,Stevensonhaven
117035cd-5370-4ede-90b3-f384e909a219,Mrs. Sandra Koch DDS,5842.39,2026-01-25,Davidshire
492bddfd-db19-4a57-9f47-48c9c568664a,Paul Baker MD,4207.6,2026-01-19,West Lori
07c3d780-5e54-4ca0-8343-66289102b97d,Michael Woodward,4753.81,2026-01-09,Jasonburgh
37b8e231-4f8e-43b7-8055-b27ca6642554,Anna Douglas,2507.03,2026-01-11,West Jessicatown
cd201738-e7d3-4974-8438-bcc4ddf7de63,Jordan Hubbard,7505.97,2026-01-17,Port Theresa
41c99608-8b67-4136-b732-9a0041f12d26,Kristie Taylor,5988.75,2026-01-07,Careyhaven
f28c13bf-4667-4374-b65f-05ccef971ff8,David Stone,5071.97,2026-01-13,Brianchester
3064062a-42ac-4de7-9dd8-0ebaf0467233,Mr. Joseph Hill,6780.12,2026-01-23,Larrystad
503166cb-a00e-4b9c-b40d-4de30f37555c,Brian Jones,3574.86,2026-01-25,New Christineview
2192b6d7-fbba-45c2-b5a6-b4779d60f48c,Austin Brooks,1412.57,2026-02-20,Aprilside
d501e3ea-f3b4-46b2-89df-b68bb68b68cf,Michael Castillo,6617.51,2026-02-21,North Heather
89742792-0caf-4448-9955-ee82188d4fc6,Benjamin Duran,2937.26,2026-02-21,Howardstad
b13f2c65-6eed-4300-91b7-bc49ca5bf96d,Leon Hart,559.02,2026-02-19,Piercetown
ee1cd167-b816-48db-9ae2-67b09b0a6914,Nathaniel Pena,533.89,2026-01-19,South Aprilport
cb8dc073-6f15-46bf-9499-eb1f59b7cd70,John Allen,1293.72,2026-01-05,Masonburgh
e176fc56-44a0-46dc-8a3f-409e3e468802,Erika Rose,9706.96,2026-01-02,Sueborough
f24df32d-6748-4390-b1a9-0df8051f1ac3,Nicole Ross,8304.78,2026-02-02,Cooperview
c62263e6-ccc3-4a47-b1cc-1f6528353e76,Monica Anderson,4175.14,2026-01-17,Basston
1330a92f-e96f-4e49-8c47-6ba4b501ff20,Henry Smith,7334.09,2026-01-17,Davidstad
0bea6e21-d09f-43cf-8384-16236f6804f4,Erin Martinez,1625.6,2026-01-04,Thomasborough
e3f0ffb5-b4a4-49a9-82e9-fe6b0b715329,Cameron Hunter,9938.77,2026-01-25,Lake Jessemouth
63650b14-a30f-44fb-82d8-4107d8010683,Joseph Smith,4943.21,2026-01-25,Abbottfort
fe1da141-8194-404f-94c7-6e3d5eb31adb,Daniel Robinson,7098.04,2026-01-07,Port Michael
887d6816-8610-4e57-8a91-185bf4674b92,Wendy Bennett,5701.24,2026-01-16,East Anthonystad
5abb06ef-bfe3-474b-a4c3-dc489b735f50,Nicholas Turner,4142.94,2026-01-30,Walkertown
d298d615-da60-4991-a661-886b1f44d395,Tammie Gardner,9434.29,2026-02-04,North Dawnland
98cf88ac-9497-4113-bd36-ef4c30c80397,Claudia Harrell,2287.9,2026-02-06,West Chelseytown
5804a221-1e66-4f0e-9e4e-7356e1e6975b,David Wood,3943.49,2026-01-29,Stephanieborough
a8397049-b2af-48e3-8c4a-3aef6a8f9800,Amanda Zimmerman,7978.08,2026-01-01,Lake John
ff139fee-68fe-4ed4-ab09-2ad958c1d139,Nicholas Jenkins,4977.11,2026-01-13,West Lisaburgh
e1f788ac-3afc-4c9d-821e-a9b2b11a81eb,Albert Cooper,5123.37,2026-02-05,Lake Dale
37649152-5fd6-4566-8aa4-8ddbbb7eb669,Nicholas Walters,1227.0,2026-01-25,Ravenbury
32dcb58b-30e1-4fa9-9732-8499f7d7cd40,Lauren Vaughn,6697.08,2026-02-18,Cooleyport
104af4b2-eedf-4e80-8cf4-ed6887b14613,Lisa Alexander,9502.06,2026-02-17,East Sharonland
51dd9d1c-9d98-4601-863e-e999c6606411,Erica Gardner,8608.57,2026-02-07,North Brian
bd8c54d9-5555-487f-865f-a09aeade2ec4,Donna Johnson,7777.74,2026-02-12,Natalieburgh
e7ecfc54-9604-48ac-931d-6fbd27ceed26,Mr. Matthew Clark,6587.82,2026-01-12,Port Dannychester
e9a51069-ebc4-4a11-a052-6074052be823,Susan Williams,7579.01,2026-01-30,Cannonchester
5a7d4bfa-ef75-464d-b085-34bcb1a88bea,Eduardo Carroll,7119.12,2026-01-15,Lake Billyview
b6eb433a-9ddb-466c-b371-7e3ecd8e1566,Daniel Rojas,4792.25,2026-01-10,North Pamela
b4104008-e6c2-47d2-84f8-f65d9c0c4b44,Heather Sanders,8131.08,2026-01-30,Grimesmouth
372fbfbb-2b0b-4cc5-9a13-94f3899efb35,Emma Gonzales,464.08,2026-02-17,Zacharyport
e258934a-e5b6-42d8-b203-b05518a504f0,James Coffey,7229.48,2026-02-06,Lake Danport
09be9056-9d7e-431f-9dd5-568b8298a074,Scott Franklin,6264.97,2026-01-22,Port Amandastad
9bc66b59-56b1-44a8-a8a1-4d9f33e77fdf,Jeffrey Hoffman,7111.45,2026-01-21,West Derekstad
7ba2e9a6-6cf0-4ad7-a072-d9409add16d4,Veronica Soto,9195.58,2026-02-14,Davisfort
2c5478f1-2c85-446a-9e44-c4afff094702,Caitlin Marquez,5560.25,2026-01-26,Lake Heatherland
79dfc5ce-5e93-46c3-9d5c-52a1cec706f4,Victor Marquez,2628.2,2026-02-09,Taylorview
c531b2eb-be98-42c7-932d-7e62faad0118,Bobby Nelson,8213.67,2026-01-09,West Sandraland
df6696d8-4bac-42b0-83d7-9f2c207e302b,Lauren Branch,1751.93,2026-02-01,Port Kimberlyport
1a1d22f2-8cac-41ce-b834-462a244624c2,Jeffrey Patterson,2424.59,2026-02-11,Stephaniechester
b77c77cd-09d5-4ce7-9583-6ca37944d076,Ashley Garcia,1411.33,2026-02-07,Ethanbury
e47ab64c-a64a-49a6-b0cb-bb16235d47b4,Jody Rodriguez,9434.93,2026-01-25,North Raymond
9024d458-1c90-4625-92b2-7c9c9c1d2091,Kimberly Patterson,542.52,2026-02-15,West Karlaland
de302954-8a6a-491f-b025-c6e35c9ddc73,Alan Kim,2895.22,2026-02-22,East Davidview
bfe01ced-b61a-4da9-b4f0-256f223216ae,Sarah Contreras,5313.49,2026-01-01,North Davidstad
4617c640-7b1d-4a9c-8b6e-baa970687b06,Pamela Erickson,7307.18,2026-02-01,Dominicfort
c849ca80-ddd1-4625-863c-9f8cf50fac72,Jeremiah Fox,5663.46,2026-02-02,New Brian
e4f231f1-3196-4c14-b2c2-cdd93641227f,Gary Woodward,5906.73,2026-02-16,South Denisechester
d489e5f4-9878-4aa5-82c8-26df3962aa84,Benjamin Meza,1688.4,2026-01-24,South Mistytown
5ead931e-4b5f-430b-b49f-00e9b65179b6,Alexis Hill,993.1,2026-02-13,East Jennifer
faa793dc-1146-4590-b207-04387d713964,Krystal Gonzales,7858.18,2026-01-10,Shanefort
89909da7-23b0-4792-ad89-eaf795e704f9,Michael Cooper,3912.53,2026-01-02,Austinberg
cfbfcb4e-df2b-4896-b8c5-8441a804d5da,Michele Ramirez,3875.77,2026-01-01,Port Jennifer
1063b8ac-eded-4bb6-8d87-ea20fa302b0d,Debra Maddox,3023.43,2026-02-02,Carneymouth
456e4b3a-827c-4f57-a450-dafe4da000ff,Gabriela Soto,5262.29,2026-02-21,East Kathrynview
3baab644-0935-4f17-b5a6-e07043dbfab6,Meghan Mills,2143.5,2026-01-01,Dannyfort
57a1622c-46f2-45b2-8fd6-ca705c3c6168,Jason Murphy,6790.01,2026-01-10,Buchananland
57a3ed99-602d-4237-9264-e83cd588e2a6,Samantha Washington,7910.33,2026-01-24,East Ronaldville
04daceb9-21c0-4284-8e3d-bf6507b2f9f6,Kayla Roth,9260.44,2026-02-04,Lake Kathryn
c663e284-91bd-4a95-b4c6-e70a325875c0,Nicole Scott,9276.56,2026-01-27,West Jeffstad
54f13dfb-3b33-40c2-818a-2ed744b6ecb8,Kelly Moore,929.09,2026-02-10,Yangmouth
9da20441-ca7b-4620-997f-ea82abbb69f7,Jared Myers,3254.18,2026-02-01,Powellside
26e18783-e97d-4b5a-8382-e7b69225befb,Michael Callahan,2137.1,2026-01-06,New Zacharyport
1fbccde2-5ba3-4a79-9272-e57a3caa6a6c,Fred Johnson,867.17,2026-02-07,North Madison
41ef3b88-0dfc-4c0d-94a8-b44753f8931e,Andrew Johnson,6480.71,2026-01-02,North Amyhaven
5aa841c3-a8d8-436e-a226-3eaa867bcb27,George Wang,6927.27,2026-02-04,Port Anthonymouth
c4e3a8e8-f8d6-4ed1-84e6-b50d5c49f812,Andrew Sawyer,5592.05,2026-02-14,Port Lisaton
dd4e9471-0ade-4d2f-8fe3-5bb025fdb5eb,Ashley Clark,5876.91,2026-02-09,Annechester
a574bef0-5a95-4aac-9d5c-6460728cb940,Beth Kemp,9234.25,2026-02-19,West Patriciaside
e96e9263-df20-4065-80be-11114245048d,Aaron Boone,9317.37,2026-01-28,Amandabury
bc90c1b2-c5c2-4808-a0fc-fb6419340372,Timothy Wise,4095.56,2026-02-02,Coxside
e8caf13e-0357-4c7f-bef3-1966983b9e20,Ricardo Jones,6170.32,2026-01-10,Brandonside
a99cdd48-d06f-419d-bcb5-cf2e0d311b51,Beth Ward,8671.02,2026-01-08,Destinyport
db9f573f-55ec-4ba3-b5b3-be5161fa9896,Mark Paul,9112.35,2026-02-16,Kaiserton
65e28c05-952b-440e-9a9f-219f81739984,Lawrence Wilson,5793.37,2026-02-18,Kathyside
e35d7fd0-87e6-44c7-9092-756989bf1438,Randy Stevens,2613.87,2026-01-11,Johnchester
15c0b635-b7c7-4d9a-a061-b2b7a7dc444e,Tiffany Bennett,7505.0,2026-02-17,Wilsontown
944e8842-2889-4072-8966-f71ec73e0c70,Linda Cowan,4031.36,2026-01-10,East Sharonberg
76c35c4a-3c65-4a6a-b4b5-5baebca74e6f,Gina Neal,9023.21,2026-02-09,Kingshire
f20d7cca-e154-4223-aff5-10b3f60dd87b,Calvin Berry,4559.82,2026-02-04,Anthonyfort
a085933c-b9cb-471b-b2f0-0c59abd86c4e,Lucas Harvey,1285.6,2026-01-04,East Jason
6620166a-1ae6-4e37-875e-823f190986af,Timothy Prince,4162.3,2026-02-02,Markport
25370bcb-1d5a-4b3d-a64d-fd510b790557,Stacey Hayes,8406.51,2026-01-14,Port Zachary
4f1430ea-56f0-4ce9-98cd-75ecd4de3bf0,Joanne Williams,8877.32,2026-01-25,Anthonyville
6028091c-828d-4739-ab36-b554ad6ca02b,Christian Robles,2923.02,2026-01-03,Port Anthony
d12ebd9b-cd89-40d6-967c-149bc9d5c2fc,Kimberly Williams,3746.23,2026-02-15,Fritzshire
cbd7df2e-4a3c-44d7-b16a-68cc5f7674a3,Julie Moran,1928.92,2026-01-02,Salinasstad
2e296093-21fd-4b99-adfb-572558be8bfd,Anthony Floyd,906.31,2026-01-19,Lindseyborough
fe7d8585-19e4-4087-9534-d6aac8dead89,Rachel Morris,6729.26,2026-01-22,Kennethmouth
9eac79d7-f176-41dd-a81d-531ca9335ae8,Theresa Thompson,4262.2,2026-01-08,Port Michellestad
005c200e-42a9-4c3a-9844-9dc25f252f4f,Karen Bowman,6105.05,2026-01-05,Salaston
fd8029a5-859c-4897-990f-960a3c818378,Thomas Beck,8633.5,2026-01-18,East Sethbury
349f1170-de31-4ae5-9b97-3a597d60e04f,Julia Thompson,6194.72,2026-01-20,New Desireetown
ed697eaa-1e80-4859-a014-a0c15b667666,Micheal Brown,8954.24,2026-01-20,Maddoxfurt
3bf47ae7-f925-448a-ab1a-ad485166f998,Shelly Robinson,5645.04,2026-02-18,Lake Williamfurt
6684c17b-7a02-4df2-8456-dbf1875dc043,Emily Richardson,6157.07,2026-02-03,Christopherside
ae821b15-0c57-4afe-ba5f-7d3730346533,Eric Johnson,7657.14,2026-02-09,West Todd
92a7a5a4-6ae3-400a-8854-eb63e8c90778,John Anderson,2415.2,2026-01-31,New Kimberlyberg
6ede9b14-250d-49d4-82a8-f1b340da81d2,Natalie Bryant,6194.35,2026-01-11,New Keithside
e7ce01b4-c958-4fc1-a9aa-4ad26270bd7d,Sandra Castro,5887.23,2026-02-18,Lake Andrew
9eded1bf-9065-4989-a352-64581412f2dc,Jason Sandoval,2518.63,2026-01-30,Alexandertown
91340c04-98f2-4742-b0e8-f364058e11d1,Lisa Martinez,8045.42,2026-01-26,Wilsonshire
7a46263c-7653-440a-aedd-954b6ca5750c,Natalie Kramer,7016.23,2026-01-10,Brownland
105051c1-031a-47c9-9647-54979e4310ea,Lisa Mccoy,3752.24,2026-02-16,West Adam
67985b2e-77f5-48d3-8016-1e98137cdb14,Adam Nelson,6259.06,2026-02-11,Port John
3b78a6ec-0429-41bb-a608-0eef1a8e73fe,Pamela Foley,9257.41,2026-02-16,New Laurenmouth
b86e3920-d2f7-4bf8-b40e-a0aac936e8e4,Marissa Davidson,8879.36,2026-01-18,New Eric
54f78f41-7392-4b50-be26-6d87bf468f48,Jonathan Lambert,7908.56,2026-01-27,Hannahport
6ce43475-9742-4e5f-99f7-4a212cf8c24f,Ryan Wilson,3317.6,2026-02-05,Port Corey
966e5636-b089-4c70-9ab3-f05387b8f23b,Jonathan Johnson,6293.15,2026-01-24,Lindafort
105cc404-5472-424c-af41-66ef58983294,Brian Nelson,3833.84,2026-02-22,Lake Adamburgh
ad37528e-6bec-4f14-a405-dbb914760443,Justin Johns,6882.27,2026-02-14,New Jessicaville
6ecd4df2-d38f-4099-9b51-421b34a62898,Kelly Reed,7898.96,2026-01-18,West Gregory
3d87b7d2-0080-43e1-b72b-d96bc46dcf86,April Robinson,6103.16,2026-02-20,West Williamhaven
81f5a942-1bef-4ce7-9000-65e87d00e057,Lance Reed,1039.29,2026-02-12,Warnerhaven
23430d5d-399f-44d7-bd75-7a694f4e71f7,Manuel Johnson,3599.9,2026-01-31,Lindashire
72dd1032-8f1f-4aa3-92df-108502415fc6,Darrell Cox,5175.49,2026-02-03,Lake Francisco
e24e1efa-0e33-412b-9045-ca9adbf1491d,Paul Stein,5272.71,2026-02-15,Dennisborough
856862ac-066e-4e5b-bbf5-c13b6f2fafac,Adam Daniel,5613.99,2026-02-09,Hornborough
7ccdc3be-7886-4061-b100-9c8ea11bf6c8,Matthew Baker,503.56,2026-02-17,Loweshire
74b27d57-e831-4955-a73b-14624bcb9fdf,Benjamin Miller,5779.92,2026-01-14,Lake Debrafurt
c51b3a55-f559-4fbe-80a1-db761b9fcee9,Janet Cooper,6667.7,2026-02-12,Lake Hannah
fa226893-5370-4baa-b089-7b3304d6b11d,Tyler Mcdaniel,5311.05,2026-01-08,Pattersonshire
3af6644e-b491-442b-bfdd-379af507b66a,Caitlin Carroll,1685.59,2026-01-28,Donnaburgh
2d358ddb-bd35-4b92-9817-a511cb766a4f,Mr. Adam Lawrence,7784.5,2026-02-07,Lake Danny
6202a884-abe2-4d86-9990-81f450f2650d,Tiffany Cruz,7469.52,2026-01-04,Stevenborough
5dcebaa2-e717-43a0-a2d4-f914b2e1da65,Katherine Torres,115.6,2026-01-13,North Kevinfurt
28bd4c12-5cb3-42f7-9521-f4d999cca0af,Eric Smith,3969.49,2026-01-24,Davidton
e8b543da-6177-4acf-9873-b96c64fc7142,Tammy Floyd,2515.14,2026-02-17,Draketown
b6d554b9-48c8-4395-9fa9-043211889efc,Kevin Sosa,1139.43,2026-02-20,Carlosshire
4a4ad5ba-cf1d-4f3c-9c18-045eacc2f125,Lisa Carroll,5177.12,2026-02-08,Stevenland
941709a5-9b32-43d2-9756-cebe4fb73ccc,Alexander English,6330.73,2026-02-12,Lake Joshua
fc15571b-1eff-4d53-bb76-d4cded3dd83a,Harold Avila,5548.64,2026-02-06,Griffithmouth
2318e2a8-034f-474b-9c5a-8979f979c4ba,Erin Stewart,5808.91,2026-02-16,South Christine
e85e836d-5adf-4d3d-a0d6-30c5484ba394,William Arellano,4286.15,2026-01-26,North Deanburgh
8685be8b-b0b5-48f5-a319-45ad076728c8,Regina Johnson,292.12,2026-01-10,New Christianview
a4059b90-2e77-4973-bb92-2ac2bca9dc70,Christina Reed,2253.3,2026-01-05,Lake Carlachester
4aadfaa2-016a-4f05-a6af-73d4bfb81380,Colleen King,1141.39,2026-02-12,Martintown
abb4d84e-0a72-4e75-a141-5486faeaa461,William Lane,9414.86,2026-02-12,Molinaside
21b608c2-9e47-4211-b734-174a48166c02,Edward Jackson,5400.65,2026-01-02,Waltersview
043ad9e1-c4d5-45b3-a977-7dfc10287653,Regina Palmer,7217.61,2026-01-24,Mirandahaven
1e88b839-d542-4548-b9d5-669da7d23b69,Aaron Davis,6943.53,2026-02-07,West Christopherland
10f2f1d4-21bc-429a-826c-043f06701840,Miranda Knapp,8184.0,2026-02-03,West Kelly
3e2edff3-32e7-4d49-8861-7297282a2bbd,Elizabeth Garcia,9865.52,2026-02-11,Lindseyfort
6d648592-e15c-46ab-a5bc-4f0fd7665fdf,George Andrews,9558.63,2026-01-20,Nicoleberg
846faf33-6c96-4552-b06f-63d4af0d341f,Laura Miles,6131.09,2026-01-12,East Ashleyside
6d504798-8a7e-44d1-8718-d6509da6d247,Jason Adams,5257.96,2026-02-11,North Heathershire
4ad86c2d-42da-412a-8f43-06d9fc0a7784,Hector Oconnor,6440.45,2026-02-19,Ortegatown
42797c0a-e3c2-4c21-bf27-58d9dbe87ac0,Christopher Reynolds,3230.44,2026-02-12,North Patricia
ca8a5e13-bf79-4fd8-ba03-94c22341bfc3,Carolyn Turner,9003.82,2026-01-19,Wallerborough
ebb6e495-1287-4c87-8624-73b229bd1c06,Sarah Gallegos,6674.14,2026-02-20,East Katherine
04fbe400-2d9e-4cc8-8ea3-af550530e331,Mark Ramirez,851.68,2026-02-16,Kelliton
4097897a-4ea2-417e-a2f6-8d4e9cc921ef,Samuel Maddox,8393.09,2026-01-12,Lake Randyshire
aef40118-9397-4286-8d93-6f49e7bc0413,Rebecca Williams,1589.1,2026-01-06,New Keithfort
deb60769-e651-4897-8308-131aaa6d7089,Edward Rhodes,6412.09,2026-01-16,Bryanmouth
a849aa14-5d21-4698-b6fe-5d92586cd9e0,Alicia Smith,3182.45,2026-02-19,New Thomasfurt
1bf5e448-c05c-4410-8bed-17a1005e9d9a,Erin Kim,7315.95,2026-01-06,West Tamaraland
6db57061-e053-4bc4-9f0e-7826a7a9d4bf,Michael Lopez,495.03,2026-02-19,South Kevinbury
1177f9d7-7492-4564-9097-36467fce2742,Teresa Lynch,672.95,2026-02-19,South Bradley
ea27f5ec-679d-44f5-9bff-be664df22198,Michelle Wong,4338.13,2026-01-16,West Michaelburgh
98a583c3-8ea1-41dc-b1ab-ddf56921f9f8,David Berry,4301.21,2026-01-10,Ashleyborough
74027297-67b4-4726-ae23-c00351e77437,Kenneth Lee,6336.17,2026-01-14,South Garymouth
1b74ab95-481a-4178-99b0-f7592fc69361,Martin Miller,4456.45,2026-01-16,South Carrie
bb5c4b9b-148c-4918-b386-921736893fe5,Jon Hansen,9224.08,2026-02-17,Patriciastad
e5fcceac-a0f8-4808-a45c-92502c6c811d,John Decker,3166.92,2026-01-06,New Catherine
32610e4c-b3c6-4209-8611-25cd53448d25,Danny Hess,6771.08,2026-01-01,Morganmouth
ffe0e10e-4d1d-40ca-a679-76408840e8a0,Melinda Horn,7564.47,2026-01-24,Port Jennifer
fab1dc28-b342-43a0-afab-af79de6ad54a,Shelby Nichols,9823.23,2026-02-12,West Tammymouth
fe10cc1a-f2c7-4d85-b509-69841466ecbc,David Miller,3112.48,2026-02-14,Lake Jaredshire
5acb9d25-de6c-42eb-8e8d-15d7e2780a24,Mikayla Johnson,7592.36,2026-02-16,Thomasville
48698e8b-51b2-4617-b315-ce2193827396,Brooke Evans,6089.38,2026-02-02,Collinsfurt
b9b78123-fb03-4ed5-b570-6a05030292b6,Vincent Parrish,1583.46,2026-02-13,Valerietown
4daa47cc-cf45-41a5-b652-b1595a7d9fe8,Loretta Underwood,3828.83,2026-01-23,Thomasview
021088b6-f7d4-48e8-9855-70930fb0138a,Marcus Potts,3044.24,2026-02-12,Bondfort
e26665f9-8ac2-43e4-9eb6-e0218daa29a5,William Payne,9008.21,2026-01-11,North Sarahville
c8a0a171-86d5-4bc0-b602-a6c824dd803e,Julie Flores DDS,9025.52,2026-01-13,North Kenneth
a82a2b8e-0d6a-45b0-acc4-26ee312e93c7,Teresa Gonzalez,5831.95,2026-01-26,Gayland
761a580c-b38f-428b-be9e-1cbc6d243582,Lisa Gross,6690.7,2026-02-18,Lake Jonathan
0aed3fa6-0f78-48a1-8ffa-d42938ffab01,Jeffrey Robinson,9071.67,2026-02-06,Lake Kathleenport
864b80fa-30b5-4ae7-a450-bcbbb1f6eaaf,Alexander Watson,9195.57,2026-01-22,North Davidport
12fc8ac1-9cbf-4ecb-952c-2ac991af1b18,Jessica Ramirez,315.34,2026-02-16,Timothyshire
ea69b5ae-c792-465a-8db2-c30a6591df07,Jennifer Arroyo,5594.65,2026-02-22,Jasmintown
076a9bf8-be09-41c8-b449-5fd82cff4e1a,Christopher Daniels,6421.97,2026-02-01,Lake Dorothyside
bf97b6ca-858f-450e-96e8-da2726f737ff,Michelle Elliott,2341.57,2026-02-04,Lake Robinmouth
c7f43c91-7d24-45f3-9511-16ffd7aca167,Jenny Holder,1205.21,2026-01-11,Sanchezfurt
473ed6ad-89df-4379-b2ba-a6ee3af22a2e,Jennifer Manning,8045.94,2026-01-30,Stricklandview
6fe6231c-b73e-4794-b1ea-da4750081bd7,Jeffrey Arnold,416.67,2026-02-04,Wilsonborough
e657f691-22ce-4572-8cb9-56d2495decba,David Vargas,6318.75,2026-01-14,West Cynthia
7e3d7400-c383-4f02-8fce-48a1da78047e,Andrea Jackson,2231.15,2026-02-07,West Jasmine
8c6de8f7-c9cc-4597-ad56-b258e1643063,David Williams,3403.53,2026-01-01,Chelseaview
aae9e4b9-d09b-4364-b4b4-103ec52fd676,Eric Jordan,7690.2,2026-01-26,Dayburgh
7e903b2f-3a3c-4cac-a928-7b92fc8f466a,Mr. Aaron Higgins,6731.64,2026-02-13,West Bradley
34047533-bd73-4355-9abd-45f970aff613,Heidi Trujillo,4245.49,2026-01-17,Nathantown
17b832f0-2f68-438a-9776-badb793c6233,Robert Johnson,8925.43,2026-02-01,Kevinchester
fc459395-2a7c-4232-9f16-9101a564c639,Christina Mcknight DDS,5657.12,2026-02-22,Smithville
a3a59e4b-dd92-4670-9e56-0f90d0a9900f,Mark Davis,6382.99,2026-02-11,Oliviabury
9ff9de56-619f-4250-abbb-f03d71f70285,George Jones,9792.02,2026-01-14,Brownmouth
d90e6807-7635-4da2-852a-26d75499367e,Brendan Taylor,3726.38,2026-02-01,Harriston
bd6f0ade-f6d2-4b9c-9689-8b2998f9fd87,Jason Aguirre,5560.07,2026-02-03,Corymouth
c37c8e3f-8313-49f3-b4ac-b0ae676dade5,Pamela Kelley,4831.02,2026-01-06,North David
332ffd23-1f03-4363-b190-27564be52e0f,Christina Russo,9430.74,2026-01-24,Lake Samantha
b6992346-ae8e-4bbf-884f-518e357ec98a,Danny Fisher,8683.69,2026-01-22,Port Keith
5d8f7771-d9d7-47e5-97ea-5d6c5d163125,Joshua Freeman,1513.77,2026-01-29,Samuelburgh
41d1332f-586e-420e-a74e-e63dcaee49f7,Jasmine Marshall,3896.95,2026-01-11,North Gabrielle
f63a990e-da99-4774-8963-cdba40cf5ca7,Kevin Smith,8542.12,2026-01-29,South Jamesbury
930ca3b8-d5f7-4fa4-b554-c501e2290126,Lisa Blevins,6013.68,2026-02-02,Port Carolineville
aefa521d-b9f0-40b7-8f4a-03fc9512812c,Christopher Gray,3514.61,2026-01-22,Anthonystad
2d73d9b2-f892-41dd-83e7-c3bc88472239,Kelly Williams,298.87,2026-01-13,New Bryanshire
8af6211f-237b-4d94-8360-89fff5e90c77,Ryan Evans,4070.42,2026-02-08,Jessicamouth
1a796a4c-c191-4c38-9e0e-35154c925ed3,Keith Pierce,3350.45,2026-01-28,Port Sharon
51e268a8-3d05-4b77-8782-6397b9294718,Mathew Rodriguez,3467.74,2026-01-16,Taylormouth
31fdf900-c35c-449a-867b-0b6eb774375d,Charles Wilson,6576.09,2026-01-31,Smithstad
d48a24b0-fd39-49d2-a7f9-be8cfcf663da,Dana Harmon,9363.27,2026-02-09,South Susanton
6b4c8324-6623-4640-a3be-840cb0e18cbb,Anna Fernandez,1557.01,2026-01-20,New Courtney
0a445b73-afd7-428a-a717-86659bbbcdc5,Michael Chambers,3264.25,2026-01-01,Ellisstad
137a8f7e-ea33-43e6-bd1d-9614ccbbb939,Colleen Spence,3226.6,2026-01-17,Mollyberg
d6ad30bc-049b-487b-aabf-4d919d4cb2b6,Mark Hall,1529.42,2026-01-03,New Carmenland
ef1afb7c-1009-4de8-8312-4e76e29e50e4,Autumn Smith,7460.19,2026-01-17,Fowlerton
981dd370-aa0a-4d86-a316-b22a9b138bda,Michael Jacobson,413.27,2026-01-08,Shawnton
a5487467-0049-4932-a8a1-f7f14440cf42,Samantha Good,8771.88,2026-02-14,Port Melissahaven
c0c43355-f6c6-433b-98c9-603fa00af951,Meredith Thomas,1251.15,2026-01-23,West George
38f7cb92-9d3d-43f9-b673-32eba199a546,Sara Perez,9665.29,2026-02-22,Nguyenton
afbae2fa-3c0d-40dd-801c-66245cd7b527,Raymond Kane,4604.07,2026-02-02,New Thomas
1dc7036d-0857-4b03-a4bf-3382cb81a11c,Timothy Erickson,4125.94,2026-01-28,North Williamfort
55818710-6d20-4b3f-bd02-9eca87909abf,Kathryn Taylor,4696.09,2026-01-07,North Vanessa
9c2b6285-1561-4eba-9be5-66b65dfab04e,Molly Walsh,472.14,2026-01-21,North Jose
de3b17a5-5fdb-47e3-b435-f8cda640763a,Vanessa James,5604.75,2026-02-11,Lake Alisha
18381e6c-2d7b-4f89-8691-9ea6c2c77ea3,Laura Wood,4749.75,2026-02-14,Lake Albertstad
dc94ac7a-87d6-4d76-ba2f-bf916bd55ea1,Amy Webster,5108.1,2026-02-16,Lozanobury
363c5697-c809-4377-97ef-4cc64a5a7104,Kathryn Riley,7565.02,2026-02-20,South Alexis
4504834f-8dc4-4993-960b-cc7d1a855308,Maureen Werner,8343.91,2026-02-22,East Michaelton
10ee109b-fca2-4ab2-a42e-5e65fb98eabc,Kayla Lane,5140.45,2026-02-06,North Antonio
835404e3-dd70-4ab2-8add-3f77a573a2b0,Ashley Johnson,9959.65,2026-02-01,Port April
41099725-8e4f-4b9c-b112-ce500df10bff,Miranda Cruz,4953.51,2026-02-13,South Curtis
a46f2b3d-e262-4118-ac8e-605fdcc16d9e,Andrew Cross,2559.0,2026-02-21,Kellyport
265e2e9d-38e2-4819-b91c-25002cb2b3a6,Tamara Velez,9819.33,2026-02-08,Port Kaylaland
5b4e3e8c-6767-4026-9cc5-c9ab40ed9407,Daniel Barnes,3747.84,2026-01-27,Randyshire
d0946608-40c3-4261-be5c-67a18c95e514,Willie Brown,4470.58,2026-02-13,North Joseph
76e33347-0e43-418a-94cc-d64ebc56d0ed,William Burton,663.34,2026-01-19,East Allenton
c0b899de-d671-4689-b7c0-e593989ccd48,Shelia Ortiz,4547.61,2026-01-11,Christensenport
59502e2f-780e-471a-9319-cab02a73c4ff,Justin Little,9177.09,2026-01-05,Turnerfort
d5c1767e-809e-48cc-840c-6edd499c89b3,John Trujillo,4221.78,2026-01-18,Jimside
849f5106-7552-4d30-9ab5-95a7ccf78476,Sara Brown,2540.76,2026-01-30,Perezfurt
9ed4a029-073c-4090-a384-cba0da733304,Karen Yang,3500.39,2026-01-31,New Misty
d6b0bfd8-601f-41a5-afeb-568e20414b16,Gabrielle Maldonado,7550.42,2026-01-09,New Kristytown
1574a8a2-b5ca-4edc-ae25-50c5f2639326,Jason Dixon DDS,7399.63,2026-01-27,Bakermouth
c50eca2a-9b60-4a1a-9f98-4fcf498fc8e2,Matthew Dickerson,6040.6,2026-01-19,Marymouth
71685c0c-44e2-4f0b-9af9-1b4569f20691,Elizabeth Atkinson,6126.9,2026-01-28,Gabrielborough
ccf911fc-18d4-4e05-80a4-18d1e12720a8,Michelle Leon,4863.3,2026-02-10,West Gabrielle
5650513e-2864-4bc0-826d-0f2cb953155b,Valerie Oliver,8355.91,2026-02-22,Robertsborough
2b863d33-ce6b-41c8-8254-140cebd70e03,Glenn Petersen MD,1540.73,2026-01-08,North Brenda
a5af5d45-d8f8-4eb1-ae13-7d5fd094b3e3,Jessica Anderson,6559.34,2026-01-13,West Sydney
a73584dc-1ee6-442b-84f0-d92910e19974,Fernando Jordan,8653.89,2026-01-19,Bryantstad
488173b8-9cd1-4156-a607-aa9e846594c4,Ashley Rodgers,8138.89,2026-01-13,Seanland
38ee16ce-8e0f-4984-9711-044e3892a7af,Melanie Rodgers,2777.03,2026-01-07,South Desiree
648a22f1-4f78-40d8-bab6-e09bbf6aef99,Brenda Hendricks,3686.17,2026-01-26,East Brian
1f83e86f-969c-4125-92f1-8e249cb409a7,Susan Pace,9053.5,2026-02-06,Erikashire
e85176fc-d615-43ff-8c08-5267d2937faf,Debbie Fuller,5911.07,2026-01-07,East Deniseburgh
a72ffb14-8f0a-48eb-b222-94f83ba84051,Matthew Clayton,6441.25,2026-01-02,Benjaminmouth
4edcdecb-ebee-4fb4-8f70-37c49775091f,Brandon Wiley,4072.53,2026-02-15,Port Nicolebury
eb49ffd8-b349-4c4b-b5ad-8461cdd9eb4b,Elizabeth Barker DDS,1777.99,2026-01-26,West Matthew
e1745d36-8509-4b6e-9b78-9049e2b68d43,Micheal Castillo,2142.55,2026-02-14,Lake Jeffrey
28064a1b-b86d-4346-90b4-4bc3029418a6,Brent Davis,4810.6,2026-01-17,East Jacob
39cf00a2-8469-4b5b-9043-aa6288d4663b,Ronald Garcia,6624.39,2026-01-25,Kayleeshire
df4d46a7-22e9-45c5-bf36-04c3f5712185,Julie Lewis,3099.24,2026-01-25,West Lindatown
bc384d29-1130-455a-98af-94e8f7bb1de6,Kayla Pearson,5960.28,2026-01-20,Sheilaburgh
8560906b-1189-41d5-ba19-9eb9658816f3,Ashley Bailey,1930.15,2026-01-25,Samanthaview
ca98243d-632a-4b57-9cee-b1e201f21a9a,Dr. Austin Larson,3607.9,2026-02-06,West Jon
0c4c3e14-c9b2-4e1f-9639-e710b90a36fa,Autumn Hernandez,2528.16,2026-02-06,North Justin
7c9cfbff-e95a-4c3c-a1e1-a6e74563625e,Melissa Gonzalez,9349.19,2026-02-17,Zacharymouth
1d51a04b-a8aa-46ac-8a6e-9485db409f46,Megan Gilbert,7607.87,2026-01-20,North Dalton
7fc25298-2aca-4e45-ab62-cf5e92d7bd69,Steven Thompson,3261.9,2026-02-01,Wilkersonshire
1854f550-86c4-4551-a378-03bc1732de2d,Deborah Moran,7027.09,2026-02-13,Lake Johnbury
aebd7078-0278-4349-9467-9535728730e5,Gabriel Mccarthy,9620.2,2026-01-09,Stricklandberg
8206df77-a479-4be0-8e99-5993a4f77232,Brenda Randall,9892.15,2026-01-05,Knappberg
20a154e3-be9e-4f0d-9d5b-b5e076bf7635,Alex Sullivan,4951.69,2026-01-16,Lake Jessicafort
eb796178-093d-4b13-8212-39f7bbd0fa75,Wanda Cruz,6526.47,2026-01-13,Duncanmouth
f79e389b-3593-4042-b6f3-32930418031b,Heather Rogers,1289.72,2026-02-09,Banksstad
88e1bdab-bd90-4c04-94c7-af1ea2851455,Kathryn Larson,900.68,2026-01-28,East Marissaview
598ce047-7906-41b2-81a7-b822f185282c,Dana Mcclain,2262.07,2026-01-28,Port Jefferybury
69dcd80a-8ac7-43c4-9cc9-c62e8614c344,Joseph Johnson,2976.64,2026-01-29,North Sharonburgh
c2e28ec4-0ba7-482c-8639-b7feab320f4f,Logan Hill,3392.51,2026-01-28,Ashleyside
2fef954e-9307-4c52-9c08-f9dcf40bfba5,Charles Fisher,2411.72,2026-02-16,Edwardstown
ff5cb9c7-27d9-4d8b-bbc5-8d1cb1628e40,Jennifer Butler,7042.89,2026-01-22,Mcgeeside
e226018a-27aa-419c-a60e-8e615075681c,Todd Lewis,4733.25,2026-01-17,Douglasborough
5e14af4d-6e57-405a-aefc-da1249a8b7eb,Susan Marshall,4952.61,2026-01-28,Matthewmouth
9e7d2c8d-b992-4e14-9cb4-6118fbbfacfa,Mrs. Melanie White,7285.16,2026-01-28,Erikatown
b5d6e4c7-9751-4d9e-91ba-bbe546552c79,Linda Parker,6865.7,2026-02-22,South Madison
5314a089-cccf-441b-9dba-37992873f395,Samuel Golden,4664.84,2026-01-25,New Sharon
d46891c9-e772-4026-9256-a707b8eb4ec7,Dawn Mendez DDS,5033.44,2026-02-02,West Moniquestad
533de1a7-48d8-483b-8b66-456f350dead7,Tiffany Kramer,7756.75,2026-01-19,Williamshaven
a80819ad-04f3-42dd-9240-4459bea2ab52,Lisa Ray,2603.6,2026-02-01,Gregoryville
5a7a3a28-3c53-44e3-b240-ebc7144b3f0f,Michael Parks,911.91,2026-01-05,Clineburgh
5b8e576a-7a0e-41f3-bab2-d981bacfd83b,Elizabeth Rios,9988.74,2026-02-12,Amymouth
388ad5ec-c648-481c-bd96-5b5dca3a5661,Peter Pratt,5139.18,2026-02-11,Josephfort
34a45e9e-e0f5-4d28-a0c3-44faf7a125e5,Danielle Jackson,3026.21,2026-02-08,Port Michael
05548f23-4795-496a-bb7b-d4c93dd83bfa,Brad Gray,9294.77,2026-01-21,Scottmouth
da2cb784-bf05-4aa6-88f1-1a2f4a516438,Leslie Roman,6573.91,2026-02-01,Brayville
48c68d18-aa21-4ae9-b9d3-baac1eaf5bac,Tyler Fisher,9160.24,2026-01-29,Tranchester
ff5da8bb-1aca-4e70-bad6-d1f0d79e71d0,Howard Hunt,350.03,2026-01-04,Millerport
9f08aef2-d7e2-418f-bd05-645065bb9e01,John Moses,5519.92,2026-02-07,New Jonathan
db846d16-8c5f-4760-a6a7-780e0e70a679,Michael Kennedy,9062.88,2026-02-02,Lake Christine
e9dedebb-5768-4df2-b69d-cc40abfb3a5e,James Graves,6779.57,2026-01-03,West Luistown
9ff7e956-41cb-4469-bbe0-7230f8678f77,Curtis Hanson,3871.25,2026-01-07,Lake Justinmouth
4a924968-800c-4743-99e7-aafd15ca6b3f,Keith Santiago DVM,876.5,2026-02-15,New Carlstad
d77ae003-130b-40c0-a332-2ba68199f02d,John Valdez,9352.71,2026-01-05,New Susan
3e57f762-a4bc-4193-bf2f-0bb84d934ef2,Dr. Jane Campbell,6168.03,2026-01-03,West Melissa
afafb9e5-7aeb-4383-802e-648eba284484,Jennifer Byrd,2443.7,2026-01-17,Edwardchester
a6f6fec6-848f-4d73-878d-4df498aabdc5,Lucas Long,1230.08,2026-01-21,Michelleborough
319e9dbf-fce9-4c23-b0f4-f7b83f982b84,Alex Peterson,6764.56,2026-01-20,New Fernandoville
7d8cd75a-d3f2-4ccf-91f9-13a8b8c271d5,Henry Kennedy,7306.14,2026-02-04,Collierfort
d73a6239-c62f-444d-97c0-735693d85577,Lauren Robinson,959.88,2026-02-22,East Andrewport
1b5eab52-2cd4-44f7-84ba-961804527a20,Lisa Collins,6003.37,2026-01-07,East Blake
80d272a8-179f-4c32-9440-daa2cbf6e558,Robert Dominguez,1378.74,2026-01-16,Robertton
a47bf60b-1115-4253-8df0-b16c7fb2bbf6,Taylor Bray,7199.47,2026-01-01,Port Erikashire
aa2d1cc0-bdf1-449f-b524-22dbb0a7a2e6,Anne Brewer,6800.42,2026-01-20,South Christopherton
ef03f3be-5f80-4d4f-ab51-d51cede62ee6,Jeffrey Mitchell,768.23,2026-01-26,New William
c193caa8-d2fe-4a59-8bf7-04de6646f0ef,Kimberly Farrell,6395.03,2026-02-05,West Jesse
70123612-712f-4c5d-9e4a-1c14810d59be,Shane Rogers,4094.45,2026-01-25,Heathchester
8b389b35-4bbb-437d-8e48-df6584983552,Catherine Mitchell,9474.81,2026-01-24,East Marcus
8c9e15fb-7fe7-4530-9e61-bd7c8f7f513c,Michael Ross,5121.82,2026-02-12,Christophermouth
c20d98d9-fc2e-4398-98b6-365018ca9fdc,David Stewart,5797.76,2026-02-09,North Kelly
4ce84c82-26b5-4fb1-87a7-372f4f7a0759,Melissa Silva,8689.01,2026-02-11,Chapmanville
5e9a1e79-c0a8-4597-8a75-3fbf39c4a5f2,Andrew Pierce,4040.41,2026-01-27,Port Donnaside
bc8d8539-a573-42d8-83ad-9f1b42b7b348,Margaret Price,7640.9,2026-02-21,Jesusbury
ba432ea9-4d3d-421d-9173-dc5739440aee,Deanna Hobbs,5557.0,2026-01-10,South William
b62a995d-189d-47dd-b8cd-e93d05564c61,Elizabeth Arnold,6448.31,2026-02-03,Johnsonville
b8e22794-1194-4488-a258-2fbc7cb625ff,John Kirby,9516.14,2026-01-01,Lake Shelley
669c3ac1-fc44-4bfd-8e5c-fe0847f1b8bc,Dr. Angela Bush,5846.12,2026-02-14,East Douglas
deb7bd0d-667a-44c1-9ad5-07cc4b9a29b9,Roy Ortiz,4948.45,2026-01-19,Kathleenside
3b0fde57-e19b-44d5-830a-4b995ef0acd2,Douglas Steele,2225.25,2026-01-10,West Dustinfort
ac612482-899b-47ba-839a-c5b978ba2294,Jade Mason,769.23,2026-02-17,Johnnyburgh
6533a476-51f6-44d8-be43-2de791600090,Teresa Jones,7312.97,2026-02-15,Hendersonmouth
617418a8-d2d2-4ae4-8ab5-0e38f9918d55,Melanie Goodman,9126.24,2026-02-05,South Johnmouth
636d9b7d-b6c0-44fd-9ef0-ca379b222289,Anne Harris,6802.74,2026-01-27,West Amber
3befbbc6-82b2-48b5-a8d0-376de7463c40,Jon Stephenson,2013.18,2026-01-11,Russellshire
e8416f72-1669-44a1-a69b-9a0f8bb03dd1,James Cordova,9138.93,2026-02-19,Johnmouth
df65d1f5-ff85-4c47-a86d-cd208d024512,Jennifer Johnson,9291.48,2026-01-16,Davischester
8aa492a7-cc92-4204-b301-8f62a265d20f,Megan Oliver,7183.1,2026-02-11,Wendyhaven
39a37f79-b05a-4548-aaab-4914e9e22ce5,Sherry Sullivan,399.19,2026-02-11,Ibarraburgh
3435a465-ae20-4fe9-9e42-a586b76141b0,William Klein,7439.78,2026-01-31,East Danielleville
4f28f731-2ceb-4146-9d2f-9ec47d85cea1,Juan Hart,9742.61,2026-01-19,Troytown
40340096-b589-46f0-9961-bd6370e4f945,Christopher Stone,3346.16,2026-02-06,Joseborough
ba8d45ca-b23a-4283-9de0-95934ebbfdba,Linda Waller,2348.35,2026-02-14,West Joseph
366a157c-5016-4394-b490-64ec73dfe0f4,Christina Jackson,2637.81,2026-01-21,Walkerhaven
89f6e213-5e7b-4c78-b8b0-dd22cc2add8c,Marcus Andersen,4134.78,2026-01-24,Barrettshire
d33f9125-9f62-439c-9ac7-bc2d6b97cc55,Ronnie Hodge,6521.07,2026-01-19,Montgomeryborough
a5a25685-793d-47aa-919b-c691534988d0,Amy Nunez,5013.39,2026-01-21,Traceyfort
5662e78d-8062-420b-9e1a-dd4a42bdb681,Terry Doyle,7256.69,2026-02-10,Port Shelly
aff86c21-0c41-45e5-be49-cd7c313a6543,Sarah Keller,7083.43,2026-01-12,South Michael
4b28f78e-597f-48d7-9681-101111098e26,Marissa Smith,9518.01,2026-02-19,Emilyton
ae7c4339-0e26-4022-8faa-aa19b3eba12b,Elizabeth Farmer MD,4872.31,2026-02-11,Susanshire
99b112f9-056a-4dda-abf9-6036875788ed,Andrea Smith,6562.48,2026-01-06,East Paulmouth
7f92b655-048e-4a78-8a2f-baf0c2930dc4,Earl Black,921.64,2026-02-14,East Marcus
c1fe9a04-53cf-4f52-b290-cae3a1ffb96d,Daniel Norris,2653.2,2026-01-19,Lake Cody
33b9e32d-0a54-4253-b99c-c076be61af5b,Alejandro Walton,1427.37,2026-02-08,Stevenchester
15bd632b-7d0d-4e11-8220-964e2423bf03,Dana Lewis,484.83,2026-01-26,Port Alejandrobury
dc3cdcce-f6e4-480c-bd54-89dcc15e4d14,Lynn Watts,7531.74,2026-01-31,Hernandezchester
810acaf1-b782-49ed-85a3-e7022e795bfc,Vanessa Deleon,3186.6,2026-02-02,Bergerland
254a0c91-47c5-4a7d-b8e7-0b1ea378aa03,Michelle Ortega,198.07,2026-02-19,Scottshire
ca2caa92-c6eb-4e57-adc0-89766ef091bd,Zachary Moore,6397.55,2026-01-13,Lake Kyle
b0106dab-1e00-47d8-a06b-abd564460f25,Amy Hanson,4479.33,2026-02-14,Port Melissa
b46218ce-af1d-496a-97ad-7a267366b769,Karen Phillips,6969.74,2026-01-09,West Joseph
b13a9e20-c389-411d-919e-d4cb3d139976,John Rice,680.28,2026-01-18,Dustinfort
d1f215c6-9a4d-4286-b231-c85410be2563,Thomas Frederick,4783.45,2026-01-21,Brendabury
19db691a-b487-40e0-96e8-fa73caed8d7c,Amanda Boone,1408.21,2026-01-20,Hernandezview
6e8f9c93-3455-4603-8231-79f1ae848107,Terri Morris,1472.14,2026-02-14,Carrollside
f357eb3a-ea26-47e5-937c-5249c39d40ba,Jennifer Collins,2075.27,2026-01-23,Curryside
10c72731-65ae-4597-8711-05a8c3942095,Richard Reyes,712.38,2026-01-22,Hendersontown
3414d90d-bc96-4a32-8851-4eedc1e271f5,Thomas Wagner,2178.01,2026-01-31,Austinside
0c87730a-b6fe-49a9-a9e1-a6005f5752a6,Nicholas Malone,259.4,2026-01-06,Adamstown
690fda84-3b55-4664-98f4-be7fda9897af,Jennifer Elliott,8090.56,2026-02-04,North Loretta
0954979c-cb61-4528-8109-3f4bce103f17,Yolanda Shepherd,5760.36,2026-01-12,Jimmyhaven
4a689ec7-7214-47d1-a5a3-43cab321eb86,Holly Berry,2401.45,2026-01-27,Danielville
f09bef6c-6a5f-4507-b619-7df0eda38100,Kathryn Pittman,3797.87,2026-01-16,Wrighthaven
108b5f51-68a4-4237-a50f-f328bccd9d49,Dawn Rodriguez,5857.22,2026-01-29,Daniellebury
5bc8a7da-619a-4247-aba3-be3d585f8d68,Darren Durham,4440.99,2026-02-01,North Jasonton
b0a5a4d9-7f7a-47e4-8e31-b289f9657f3d,Mary Byrd,7472.28,2026-01-11,Brownstad
a4ff61f6-edf7-42d3-98a7-64a1d3e374b0,Eric Romero,3565.13,2026-01-22,Port Kathybury
8f181990-7f54-40a2-8cce-e5c771cad3c9,Jeffrey Cruz,9090.6,2026-02-11,West Jameshaven
40327efe-b77c-4ea4-90dc-ea4d47d9d185,Martha Ortega,1680.19,2026-01-13,Port Thomas
e4387e5a-46ed-49ee-ac1a-0becb074ea49,Barry Parker,6716.32,2026-02-19,East Lydiamouth
fd1223b6-fd2a-49c4-833b-15850e42df0d,Taylor Salas,7713.37,2026-02-01,North Theresa
ddf05871-a09d-4bad-9ebf-8f551e38a54f,Gerald Jackson,8622.38,2026-02-05,Huberfort
e02feba1-debe-4f74-bbb7-9d8791215ce0,Donna Reed,7438.59,2026-02-04,East Melissa
47a11301-7a50-4d5f-a2fd-215b81043ab5,Teresa Ross,8198.9,2026-01-11,West Lisa
20dcdb3b-66e5-4ed9-88a1-adb13635ce05,Linda West,9443.24,2026-02-07,West Cynthiamouth
6f60cf94-b7c4-4c4a-baaa-e320bb7ae076,Madeline Harmon,7104.47,2026-02-15,Meadowstown
17863d6a-4973-4f62-aa36-ae39743ca00d,Jerry Barron,2544.22,2026-01-16,Marquezshire
3e267299-fd35-4317-9420-23380c53f7bf,Taylor Blake,522.72,2026-02-13,Lake Rachel
451557c1-8232-42d9-8c80-884b07d5b42a,Alison Mcknight,1958.95,2026-02-05,Port Timothy
b04a1fdb-3ec1-4d2e-bd11-d1c53cb7a677,Ronald Reese,2352.86,2026-01-27,South Deborah
7bd1d9cb-5596-482c-855a-5755ae0dcdde,James Castillo,734.84,2026-01-13,Griffithburgh
7a44f971-2ee1-4a39-82eb-6c74d870ea05,Andrea Francis,9253.35,2026-01-21,Smithchester
8ec0e144-d562-492e-8d14-05922e7320fa,Laurie Stevens,8445.04,2026-01-27,Lake Cynthia
93c75d0c-3724-42ff-b550-7a2f3c8a9be0,James Thompson,2815.48,2026-01-27,North Deborah
a228b39e-7370-44c1-9345-98dbe0a7b33a,James Walker,7948.36,2026-01-09,Port Daniel
1755b9b3-5cc9-4de0-b1d1-ecde56135d4b,Teresa Curtis,2663.67,2026-01-13,Shawhaven
5192058e-f5b8-46af-8db3-f3c5dde2e8ef,Laura Evans,7444.81,2026-01-12,Baileyview
35435fe6-7f83-4618-a58d-ccc6bb2c5dad,Kimberly Mckenzie,7399.21,2026-01-24,Goodmantown
ff4bc660-2799-43c1-bbaf-721118479b4a,Kenneth Allen,7916.75,2026-01-09,Wilsontown
deeeb52d-e0ce-4e6b-bedc-cbdfcb4529f4,Andrew Stewart,6740.07,2026-01-13,West Jeffery
5029434e-db26-4b38-a940-02a148e80127,April Hernandez,8771.86,2026-01-07,South Calebhaven
2b976927-243f-4af6-9f32-7f378f338380,Sara King,8705.6,2026-01-21,Wheelerland
d7024302-1b00-45cf-b4d1-96bf7bd999df,Joshua Chen,7653.17,2026-02-07,West Eric
9534c318-201e-46c5-878c-c6cf537deac6,Scott Fritz,2066.79,2026-02-17,New Lindsayshire
6b1e3213-6c4e-46de-add7-459721cd5bda,Rhonda Andrews,5564.1,2026-01-29,North Michael
a6d04789-5459-4ea3-9c22-74a7af929f92,Brittany Mcmahon,9111.02,2026-01-25,Burnsshire
aa1f3860-11b9-4132-b7fc-1f7b161b4703,Mitchell Kaiser,7438.38,2026-02-16,Russellberg
5629b02c-9ba1-4a9f-b7ae-f649702d72c1,Melissa Carroll,7675.89,2026-02-21,Davisstad
4027a150-e4ca-42c4-9e9f-1cdb99bc7529,Kevin Dawson,2873.49,2026-01-27,Jenniferstad
b9ecaa04-bf27-40cb-b84c-83a9b236a0a2,Lisa Fuller,4187.01,2026-01-23,Jenniferland
5db67e9a-9c54-4e56-8c06-41a740bb9ff0,Chelsea Campbell,4899.14,2026-01-23,North Louischester
fcd7f2f3-dbcd-49c7-9799-486758b13e3e,Jeffery Mclean,267.44,2026-01-01,East John
a792ea4b-20bc-4f1d-b4cd-4b549dc43ecb,Janice Smith,9131.17,2026-02-12,Anthonymouth
03396993-0346-4900-afb5-c88b2d551381,Michael Jordan,6146.79,2026-02-22,Gonzalezside
6804b77a-e25c-4adf-904f-2abb92517fa3,Tanya Valenzuela,7372.78,2026-01-19,Port Gabrielleton
eacb4573-9ef1-4278-8fbd-52b8ea6506bb,Roberta Williams,738.15,2026-01-29,Boydview
b972ac24-4a58-48f3-9bc4-1be942e29522,Eric Williams,8852.1,2026-02-03,Jenkinsberg
95c51876-c292-4891-b610-551e582ab2b0,Daniel Kim,4139.23,2026-01-04,New Michaelland
d361878e-593d-4a98-97d7-b2bed9dcff49,Nathan Weber,9165.43,2026-02-07,Blackwellshire
cd2e4e42-4ef1-4704-b06a-1f679e0fc32c,Joseph Adams,3322.88,2026-02-06,West Heather
23243cfe-9a3d-4d22-b522-25e364457bcd,Cynthia Jones,8357.34,2026-02-09,Port Nichole
0a137d62-b78f-4ad9-9feb-05fec1d9f5a1,Richard Fuller,6559.58,2026-02-07,Carlsonmouth
38602f85-f825-453d-9184-4421634be45e,Michael Jones,4328.72,2026-01-04,South Michaelchester
1184f6ab-da3b-45bf-80db-ac9cf7c07de1,Holly Coleman,4762.89,2026-01-30,Lake Robert
2c7b2e88-6d72-409e-8225-849f79d62ea6,Angela Webb,3941.19,2026-02-12,Lake Emily
10a7dceb-09f9-4773-9c43-107735289c72,Brian Rowe,8135.16,2026-01-02,Taylortown
5e6072f5-a153-4f80-9729-c9a2040f895c,Tracie Stephenson,6815.29,2026-01-11,Amandaberg
cd5c8588-72a3-48b2-8c52-8b3b22fd6041,Ashley Massey,825.42,2026-02-13,Port Jennifer
1684e543-9ded-4257-817d-e7e40ed349f8,Jordan Moyer,4343.03,2026-02-01,Bakerton
199ad6b8-e9dd-4dc2-a4f2-1fca76120f1e,Mark Ball,2945.85,2026-01-16,Lake Gail
c82b7c9e-c42b-4530-a14b-b6613d432fd6,Briana Johnson,3875.87,2026-01-27,Port Jennifer
1dc07440-5b1e-4d30-beef-08d71a9cf86d,Laurie Contreras,1774.83,2026-01-23,Michelletown
1b85305e-5c44-4ed0-9790-b260cbabaed9,Melinda Griffith,4725.83,2026-01-07,East Katietown
ff185ac0-9964-4489-91ec-67b59b50f565,Amanda Barber,8886.26,2026-02-17,Port Kari
116c5d6e-0b61-4937-b2d6-601490265a1e,Courtney Miller,7777.01,2026-02-01,Christopherberg
94bda930-8b66-4147-a34f-79131f9eb6c6,Alexandra Moran,850.05,2026-01-01,Thomaston
02c01545-042f-4dde-8250-52083a8e6e9f,Colin Brooks,5218.03,2026-01-17,Port Kristenport
94e13bb8-f94b-468d-b7ee-243fe8cd45bf,Ryan Rodriguez,6421.75,2026-02-02,West Shannon
ca0feb52-ea6f-4bbb-ab30-e9aba1dcf976,Danny Hunt,625.43,2026-01-23,Kyleport
a66876e3-f3a0-40e8-8755-62855df45621,John Smith,9050.48,2026-02-13,Lake Pamelaton
f2c4ee26-beb4-438e-9bc2-96dde4a88b82,Tina Middleton,4521.35,2026-01-24,North Michellefurt
4624d6ca-3164-4cac-88c1-e0a7f2d51eb2,Tanner Gomez,1851.2,2026-01-07,Veronicahaven
9da3c07b-e33b-4648-a4f5-9c37b8a99893,Lisa Gonzalez,812.38,2026-02-16,South Steve
b079dac6-fdf4-4c4f-8942-8057f530d4c6,David Cox,4002.27,2026-01-30,Castilloport
c0de5a7c-c032-4f8d-a156-650df748e7f1,Abigail Thompson,3111.72,2026-01-27,Alexandriatown
4978ca0d-2d51-4e15-a427-9c711a66327c,Timothy Roman,9072.64,2026-02-22,East Christopher
48092e82-2e16-4157-8f44-3f4be2b17ae4,Amy Pierce,9259.61,2026-02-21,North Margaretland
0a145ffa-e02a-4ac5-87fa-e3675909afe7,Kenneth Hall,7830.62,2026-01-06,Port Sarahland
d82103ec-43d9-454d-ab40-8ecde7fe13fd,Kelsey Adkins,2659.08,2026-01-30,Susanbury
4da1addf-3768-4862-8bd2-2af7ce7fa0e7,Suzanne Johnson,1499.29,2026-01-03,Andersonton
8043efe9-0562-4bd5-ac32-291122e4e57f,Angela Rodriguez,6682.33,2026-01-23,Johnsside
9d853a3f-1187-4bef-8dee-2c768a1a560b,Riley Graves,4418.16,2026-02-08,Kellyberg
e624488c-b6e2-464d-876c-200e52e3924a,Joseph Hobbs,2101.7,2026-02-15,Smithtown
af6bb671-a011-44af-a1e0-21851b7b7134,Jimmy Hamilton,1143.73,2026-01-18,West Mark
6ee8d03b-f6d1-4de7-b2e5-c710d043a63b,Isaac Hammond PhD,7282.34,2026-01-02,New Joel
637eb464-6f73-4db8-bef4-4b2d78ea3990,Jesse Shannon,9260.55,2026-01-19,Port Michelle
78ed7266-3e66-4d79-9809-eed773398543,Nathan Schaefer,8436.5,2026-01-09,West Angel
9df7b859-80cf-4daf-86e8-2c24a258442a,Amanda Curry,4585.39,2026-01-25,Debraburgh
0ab29b8e-cdf7-4b17-b008-6b4ea3f4b36f,Eduardo Wilson,1048.97,2026-02-17,Johnathanstad
5627c421-3eed-4ed2-903b-dee434080733,Michael Austin,232.73,2026-01-21,Lake Emilyhaven
b813f0a6-f9dd-45ce-aecb-c94d382ccb2d,Catherine Mitchell,8025.37,2026-01-27,Whitemouth
1481ec59-2394-4799-be81-e8ca92a7f6de,Gary Carrillo,294.2,2026-01-29,Krystalbury
9df115b2-07ab-4045-9822-7ce08e8356a6,Robert Lowe,5023.14,2026-02-06,Kennedymouth
756e742e-40c5-4204-8fd4-73acbbb69fc7,Derek Herring,6338.36,2026-02-21,Lake George
52dd2da6-8b27-4699-8fce-4844e5ce45f7,Amber Duncan,2282.57,2026-01-14,Pruittfort
bcaf9097-2743-4a75-9cc1-21557ad21ee3,Christina Hall,3366.36,2026-02-07,Blevinsburgh
3b6ea915-216e-4d23-a264-7e9d3cd207a9,Mrs. Nancy Johnson DDS,6133.98,2026-02-09,North Candice
6b60be20-9ac3-48fb-bcb5-7e08fa818643,Victoria Marsh,3709.8,2026-02-17,Lake Tracyborough
f4eab881-ae0e-450e-9f3e-7fd9a4927ae4,Gary Mccann,5646.26,2026-02-05,West Andrea
6e794709-dee8-4d63-b406-66524ad70946,Justin Munoz,5250.81,2026-01-13,South Mary
bf35dbc6-3947-419b-9187-08cfc9b1f183,Karen Turner MD,5772.18,2026-01-27,East Heather
db7d41d1-dd23-4baa-a2ac-e826854ae260,Kevin Sosa,1425.64,2026-02-21,Robinstad
dfc4a6e7-89ec-4bd2-a137-3febd61547d6,Elizabeth Black,870.6,2026-02-04,East Scotthaven
8d9e8302-3fc8-4bee-9a17-b725b717033f,Jamie James,4192.62,2026-01-14,Gonzalesbury
193513ce-ad9d-4064-9b5d-06f13d2c7dbd,Mark Decker,6221.18,2026-02-15,Phillipshire
bd453d52-6c8b-4629-be5c-98b1e590afe7,Danielle Walsh,4359.99,2026-02-05,Shanebury
492b71b9-c970-429c-b94a-5476acc10ebe,Ronald Chavez,6788.6,2026-01-30,East Glenland
00c5ea1c-3e12-4ffb-be60-65e1180f529a,Cindy Jones,362.12,2026-01-26,Emmahaven
dc52bff9-2cc1-4296-af49-28b7cc4f87a1,Christopher Aguilar,3516.65,2026-02-13,Port Michaelside
4f8791e8-50b4-4a37-a6e1-7c39f60e1f3c,Stephanie Hinton,4110.44,2026-01-14,Garyfort
de2c34a6-6c17-46cc-8583-fe05a96c9b51,Mr. Nathaniel Carter,8814.25,2026-01-01,Dennisland
eaa15d16-5cb7-4183-b32d-573e3e459748,Barbara Hubbard,2450.63,2026-01-25,Port Kaitlyn
730de1da-f650-431d-b8c9-04292e059a46,Rachel Porter,3904.16,2026-02-11,Carpenterhaven
b967f4c3-d8d8-4d89-bb85-3a35fda1e932,Cindy Henderson,4034.35,2026-02-03,South Connie
5dd3f056-3878-4b00-9094-0703448e6c92,Stephanie Fox,7488.1,2026-02-04,New Melissa
dd74e001-ee48-49e9-b90b-4b0e1b8df11f,Robin Walter,2783.47,2026-02-10,Danielsville
f8f8a4bf-f74f-401a-baf2-d0dcaa8563cc,Travis Parker,9631.35,2026-01-02,North Alyssa
495ec51a-b8c2-46ec-af58-2e02f4058e2c,Amanda Hughes,5434.56,2026-01-05,Boydfurt
2a0b4806-2539-43da-baf2-4ea3007cc1da,Jennifer Nielsen,7783.34,2026-02-01,Lake Heather
4b7d2a2d-748a-4155-9cec-de6ecce2ca97,John Munoz,2113.6,2026-02-10,Lake Bobby
885c6562-e23a-4c4f-9357-e78d3b628a72,Robert Lambert,600.59,2026-02-05,Ruthshire
11ac558c-a4b4-4ec0-b3bb-8b0c8eb11570,Scott Haney,2874.79,2026-01-11,Aguilarburgh
7891c7bd-5149-4624-9296-8cb90d956420,Gloria Alvarez,3611.52,2026-02-01,South Lisa
c34054dc-fdb6-447b-bb2f-1472c21e757c,Nicholas Miller,5988.87,2026-01-26,South Becky
a0104c8d-94ab-40e7-a1ac-0b8126b5fe16,Mark Forbes,9489.14,2026-01-15,Bondmouth
a6f4f047-06e8-4693-90e5-9c69aa16d258,Stephanie Daniels,8451.18,2026-01-23,East Rodneytown
3850d82a-8a91-4157-88f0-b2911c82f602,Vincent Cox,9996.36,2026-01-27,North Douglas
f642f3e0-a2ca-42b1-9a43-f0bd8d07f617,Dr. Derek Wood,3576.66,2026-01-06,Davidland
0728407f-ceec-4a19-9b05-0c2124cc5a5f,Jason Bauer,5617.68,2026-01-16,Samanthaland
fa0d43ce-4860-4a01-a31d-d6819ac22f05,Amber White,7442.52,2026-01-17,Jacksonville
a6c92fbe-bb82-483e-8a0a-8c630308bdd6,Isabella Hernandez,6486.36,2026-01-24,Port Regina
4d9d666c-594b-4f77-832c-7376a527aba3,Kristin Mathews,6862.61,2026-01-22,Paulhaven
0093e9fb-c77f-4576-a8e1-b788ce6ebb82,David Owens,5574.81,2026-02-12,Melissaburgh
7656eb4d-814c-4cf7-8efa-75aaa8c1afda,James Horne,6194.32,2026-01-23,Carrbury
a883455e-c445-4e24-8647-eeeae4ec495e,April Rich,4669.81,2026-02-08,Nicholasstad
4f5f39c5-0ad3-42aa-90c3-a6a8d29d3614,Samuel Austin,2046.05,2026-01-10,Butlerhaven
ff39785b-44b1-47d7-ab4c-51dd0ba93315,Carlos Cook,2135.1,2026-01-16,Jonathantown
1a348372-bf28-4a6c-9a47-0181e03fa2ca,Anthony Cook,5900.12,2026-01-15,Jacksonstad
36e65090-a121-45c4-b8f2-f632ac581920,Benjamin Rojas,5142.85,2026-01-03,Cooperview
2b49e0d1-b244-4a2c-902d-fe798c419b69,Dennis Robinson,5559.07,2026-01-20,Wandaburgh
ccd967f4-596e-416c-b515-c57de5b9092e,Terry Doyle,2452.67,2026-01-06,Lyonsville
db7b482c-43dd-494a-9b60-7429cbcca6d8,Mary Curry,8977.93,2026-01-03,Yodermouth
df85c9c7-e7fc-4c58-abc6-b3700fe7bfaa,Leah Johnson,847.8,2026-01-15,Jordanfort
f531659e-e82a-4d8c-a74b-0253206ea5b0,Rebecca Frye,7089.9,2026-02-20,Perkinsstad
01ab0847-b958-4102-a9bc-05c88185ffbd,Spencer Bennett,7741.46,2026-02-11,East Shannon
d9507104-eb6a-4c9b-a237-4df41a934600,Kristopher Hanson,7693.94,2026-01-07,Tinaport
eb277ec6-8728-458c-9877-cd2d083e5ded,Sean Sanchez,3742.8,2026-02-14,Amandaville
1f12135a-1ef7-40dc-bdad-f99ca6332b96,Steven Lawrence,5681.28,2026-02-20,North Cynthia
228754a8-65fd-4193-ba68-33754e04ad9e,Kevin Mason,7066.53,2026-01-03,New Tammy
eb0d4f54-196c-4e1e-a69d-93362375ef06,Brandon Joyce,2392.39,2026-01-17,Lake Michael
4cdad36e-0528-4e8f-8790-936b3e600ff7,Oscar Dennis,2569.75,2026-01-02,North Jamieport
19275217-ff9b-417e-8e1c-f0d7ce1bf470,James Simpson,8271.34,2026-02-09,Cathychester
f25c370f-8196-44b4-b21b-2607c6c3e97d,James Gross,4987.82,2026-01-08,Lewisfort
8d79a834-81ca-46e5-8a43-f00b1fcc40c4,Jill Evans,9516.33,2026-01-29,New Matthew
51557040-dfc5-42b0-afd4-1adcfd2fbd91,Christopher Hudson,1155.56,2026-01-01,Moorefurt
6f336439-ec8f-4d73-948d-31ece518bdc3,Victor Valdez,3168.24,2026-02-10,New Brandi
9088b32b-7fe7-446d-ae52-593f315d0855,Dennis Mercer,4494.79,2026-01-04,North Christinetown
5c90f6c6-ecca-4084-8cdc-0d2e3a3631ba,Renee Mccoy,4209.74,2026-01-18,East Crystalland
e0b57c68-e8fa-4155-8071-be24dd2f599b,Maxwell Burns,248.21,2026-02-12,Lake Rachelberg
971c10eb-3f6b-4777-8e9c-7e4417d9de62,Amanda Brewer,952.71,2026-02-22,Danielmouth
e212b19a-a1dd-4517-bc25-449974ab9428,Laura Moses,1923.42,2026-02-04,East Linda
2bba50bd-663b-4694-b2cf-3e03e8b7dd03,Teresa Thomas,5486.33,2026-01-13,Port Gregory
5d5c7d5d-72f4-4b9d-af8d-1cac20ec5412,Rebecca Dixon,6285.96,2026-02-04,East Stephenport
b564831d-cf1a-444e-8292-dce23aa1820d,Anthony Mcgee,8945.45,2026-02-06,Jamesland
3c3ea308-ca72-4db3-b36e-280c30e0890b,Andrew White,5248.39,2026-01-18,Monicabury
500d5c48-8d73-4e82-8d99-687baec73eca,Melissa Perez,718.12,2026-01-08,Jacksonfort
67235fa9-614a-4dcb-85ec-a275896cef11,Ashley Vaughn,6416.76,2026-01-01,New Ericaport
2259e60f-0633-444a-96ff-9288beafe034,Henry Williams,4523.53,2026-02-11,Port Justinview
58a689c4-b151-4305-8064-88b2aeb92eef,Dale Smith,4871.1,2026-01-10,Clarktown
30fa2b80-6acd-42a4-969e-46fd5c1feddd,Sean Williams,4006.89,2026-01-03,North Shawn
cf053cfa-497b-4f1c-8253-17ebb23114e7,Michael Williams,4706.7,2026-02-12,North Frankstad
a644e85a-5059-40e8-b9fa-509aca0f56e1,Calvin Richards,5377.79,2026-01-31,Melissaside
dbd40172-5204-4b0d-a16c-60ab7d21ec17,Shawn Roberts,7375.78,2026-01-08,West Loganview
74dd7a87-b319-41e7-9093-4a21b99334a1,Jennifer Villa,7364.28,2026-01-12,Lake Dawnport
7e70bc3f-eb89-4ee5-9652-5d881da3f956,Matthew Lynch,6319.06,2026-01-17,South Michaelshire
6aaa6655-b884-4324-80af-9f13e0daa7e3,Alexandra Merritt,7102.58,2026-01-21,North Paulmouth
8b7d3381-caf4-41f6-9b90-0c361d00946a,Kimberly Johnson,4529.57,2026-01-02,Michaelmouth
db58326e-e3a1-447c-a96e-f637e82b50a4,Julie Branch,2544.94,2026-02-10,Lake Brian
954621fc-524a-4b89-934d-4203301bc742,Sharon Woods,7896.41,2026-02-11,Grantview
2ad78906-15fa-4dcd-a09b-e6c31ad239d8,Sean Young,1220.52,2026-02-12,Kristenport
25fe6e25-96df-423a-8075-4bdd19c2f77e,Diana Gomez,801.73,2026-02-18,Port Daniel
bf21f418-6816-484d-b75f-f37d84173af1,Lisa Peters,6161.11,2026-01-26,Staceychester
8d6d855c-4c23-4d86-b07f-0985c02381fa,Jenny Scott,5394.53,2026-02-06,Jamesport
2fc9d406-b781-4633-aa75-db469350d5a7,Joseph Conrad,998.75,2026-01-03,Laurieborough
63218223-102e-46f8-9c85-da6462b879de,Zachary Long MD,7231.4,2026-02-21,South Bradleyville
ec69e3f0-c40d-4c33-9284-16ada6feded4,Elijah Alvarado,8973.51,2026-01-22,Jamesmouth
0d099a2f-64c8-4846-84ab-558da0f2ab99,Amy Carr,3660.78,2026-01-25,Port Annafort
543b4d25-a803-48de-a698-1a78b4e91e93,Donna Chaney,6928.38,2026-02-18,North Ashley
44f8405d-23bd-4547-b4b1-fc0756b53fbd,Katie Gay,5364.06,2026-01-12,Brianville
eec66ca9-8870-4a54-bb14-6737f0127c5b,Rhonda Lopez,3223.83,2026-01-10,Ruizside
96b260c1-3406-4f6e-8bc2-e39c6026b2e0,Jason Anderson,361.78,2026-01-27,West Walterstad
26053b88-28b9-46e6-9fea-68042d879d61,Nicholas Long,6551.23,2026-01-15,Allisonmouth
8f67c443-4f1e-4a8f-ab62-f7e82fc1fe29,Danielle Smith,2584.84,2026-02-22,West Joebury
411f1cc2-ee01-47fb-b3f0-5c5d7ce19281,Crystal Cochran,9177.5,2026-02-05,Landryhaven
47e54cc5-59d8-47d9-b189-c5e5d8ad7cf4,Joseph Davila,1768.78,2026-01-26,Millerland
e780f095-b6e8-4298-9239-3cffbb932ccf,Andrea Rivera,3805.9,2026-02-04,New Matthew
9679689d-09b4-4b1b-8e3b-9e46853246ff,Scott Allen,5965.5,2026-02-17,Leland
2f8ea770-3118-4111-9293-c1aa47d592f5,Cathy Welch,8288.43,2026-01-25,Paulfurt
2c933ac5-ed64-4ecf-99b5-93dd1c191845,Jose Martin,9875.94,2026-01-11,Scottfort
968c4ded-310b-41fe-9698-944ff439aba7,Robin Bartlett,9532.91,2026-01-09,New Patriciamouth
29536824-1df1-413c-b5f7-7b5a95f34e6b,Yvonne Smith,2350.86,2026-01-09,Lake Deniseburgh
b514db98-a611-4543-b6fc-14b29e843643,Tammy Smith,7163.13,2026-01-19,Joshuaburgh
78402af7-13bf-4b2b-91a0-684da7b9bde6,Janice Smith,4396.03,2026-01-07,Garciaborough
4d26a111-144d-4391-ad79-7979e41c6844,Joseph Burgess,6644.5,2026-01-12,South John
0edda0e6-4f80-4d83-b1fb-8c59317b5f61,Emma Castro,6969.72,2026-01-23,Pageburgh
3d4b625d-fe82-4174-bb19-4d199c55fa14,Robert Harris,603.11,2026-01-26,Reevesmouth
9a2e18ad-0146-4974-a209-fae99add441d,Christine Smith,998.91,2026-01-16,West Julieburgh
ff5732d9-a5ff-4df9-961d-b59ac2bbc96d,Whitney Kirk,212.74,2026-02-22,South Megan
5f118cd1-ff4c-401f-ace1-736e78644de3,Gary Armstrong,3093.09,2026-02-09,New Mark
07483ff2-6cc6-4660-93d8-5fa958c6f47a,Jennifer Washington,2735.88,2026-01-09,Cathyberg
d9bf68a5-3ec5-42eb-8b29-d00d42a08bb5,Lisa Choi,9966.92,2026-01-23,New Sean
eecd365d-554e-4fec-86ed-791f036086de,Jasmine Brown,7380.4,2026-01-16,Port Patricia
fbc3c7fe-52b7-48eb-97ab-b44ad66880b1,Erica Garcia,5994.43,2026-01-30,Davischester
9e230d39-5d61-4213-9fe9-c3b251a720b9,Susan Underwood,8567.82,2026-01-30,Zamoramouth
649c526d-0e39-4af6-a901-67ad54117e1a,Anthony Maxwell,4837.56,2026-01-27,Rodgersmouth
f82de5ea-808b-45e9-a15f-64f0123902fb,Samuel Trevino,382.29,2026-02-21,South Matthew
9ce103d1-cbda-4ade-9bd5-0bce3202f901,Jill Lopez,5476.48,2026-02-08,Port James
772d06d9-ff38-4e81-abca-f398974ec2d8,Austin Roberts,1943.53,2026-01-06,Victorside
2032b79a-b59a-4eb8-81e9-c7cf77f46fee,Lindsey Carter,3372.77,2026-01-18,Terryville
0c81af78-cc97-4350-8ee0-b11b937efb73,Caleb Thomas,8849.79,2026-01-08,Lloydchester
18458298-2e12-442f-a86f-91aec2504535,Jeremy Hale,6800.91,2026-01-31,Lake Douglaston
c9cb6797-da90-41ab-9193-f869273c959b,Jordan Lindsey,2234.95,2026-02-19,Port Jason
be394251-db13-4861-89ee-3bfe638bd786,Carrie Cline,9859.72,2026-02-19,North Justinside
e53c1e58-40b4-40b2-9a4b-253fc847c5bf,Mitchell Frank,8994.96,2026-01-17,New Christina
2d4664b8-3757-4311-88c2-bfdd910cc9a2,Susan Smith,5581.45,2026-01-04,South Kellytown
d7daf52f-84d1-4485-8c3c-f2d51c0c2efd,George Martin,1968.9,2026-01-15,Jasonchester
0e34bf03-de6d-4c5d-8730-87a2a18d830e,Brandon Watts,3535.67,2026-01-25,Millerchester
aaff77b3-100b-4e3f-af5c-69fb5808f77a,William Patterson,5307.46,2026-01-27,South Jasonberg
03a5c20d-e024-4117-b5c5-3138d25d6ef1,Helen Kidd,605.79,2026-01-23,Victoriachester
31042942-9da1-4999-ac83-0a27b0ce0209,Scott Long,4593.77,2026-01-22,Scottmouth
922e8b48-37f4-48a7-a86e-bd4acc317d50,Thomas Kane,3015.52,2026-01-03,East Dawnfort
58797aa7-83b2-4e73-9386-e981dbe4e1ba,Zachary Moore,5901.95,2026-01-24,East Heatherburgh
660a4e2f-64b9-4c3f-a07f-01a4560bef98,Christopher Hensley,6249.55,2026-01-25,Simmonsfurt
efa27163-8160-4305-94ff-64105658c017,Andrea Cook,8982.09,2026-01-06,Jessicamouth
36a9a508-acbb-400b-83f9-c68a8483c837,Sydney Johnson,285.01,2026-02-07,Ellishaven
f7f46130-b286-4426-a293-4ee8c0bc0ae0,Mr. Nicholas Gonzalez,1295.73,2026-02-03,Smithland
fe7154fd-7bd3-4006-82bc-70cbdcf6c82e,Karen Schneider,2918.95,2026-02-01,West Jessica
4037a277-6092-408d-9738-5176b336c976,April Marks,6496.11,2026-01-10,Beckbury
51e5112d-3cdb-4852-b918-d11d396fefc9,Ronald Dunlap,5278.8,2026-01-31,South Amanda
9de237b1-e5c8-4364-b8bf-34477ef1dd0c,Cristian Lynch,924.1,2026-02-13,Sharonland
f4b184e6-b56e-4c60-b0ff-84805188980a,Erin Woods DDS,5162.86,2026-02-20,West Philip
dc32dd76-755d-405d-8f10-ff370f1895b6,Jaime Moore,1746.26,2026-02-04,East Jason
3cdb4e43-a0bd-47e3-a0fe-f6769210f189,Rachel Baker,4151.0,2026-02-02,North Jessica
7593264d-4904-4005-beeb-4aac3307f1ec,Ashlee Jones,9472.73,2026-01-10,Melissamouth
b86fe828-431f-4b3f-9b99-d7fcf15dc67b,Loretta Carrillo,1604.94,2026-02-05,Carpenterhaven
fed55d0c-eb4b-4887-9982-c965faf8e0fe,Brian Osborn,5339.31,2026-02-12,Port Nicholas
b41b417a-7e19-41dd-9987-2911f9b73361,Christopher Mitchell,229.59,2026-02-10,Chadhaven
ee4190bf-9f41-46cf-a362-ed246409f10f,Carla Henry,2221.07,2026-01-06,New Jody
588aeb6f-6255-4a31-83c0-0c6a25f06b45,Kristen Burton,5786.46,2026-02-13,Hallville
d28c2e29-ef92-4a30-be40-2346ff294b64,Mr. David Chen,8096.36,2026-01-19,Schultzberg
f4fc7710-f4b6-427b-af69-3d5889cd55aa,William Long,5336.52,2026-01-23,Johnhaven
ffc16208-1da0-427e-9b5c-2dee38b5f1c3,Kenneth Anderson,4119.08,2026-02-22,South Dawn
225c2f8d-cf6e-4c9c-b924-662f2b57f4bc,Michelle Case,8435.9,2026-01-28,Davidstad
0acd3d90-2e16-40db-a01d-137c6e332b21,Scott Russell,5226.67,2026-01-26,South Darin
5a777b26-ca25-413b-be00-5b227b5c154a,Michael Zavala,9610.54,2026-01-17,New Edwardport
ce62d853-9bce-4afe-a4a7-653ce0b27e40,Corey Moore,849.91,2026-02-03,Brooksshire
db8dd240-d51e-454f-a05c-7c676d5ce2c2,Dr. Matthew Goodman,7515.12,2026-02-04,Kathleenmouth
9e3b6eba-c442-4b88-b207-c247ead90a06,David Nelson,5015.78,2026-02-21,Harmonfurt
b1379eec-37bf-41b1-803e-662edf6dfeb8,Allison Patterson,8133.87,2026-02-05,Hubbardmouth
0d02fd5b-90a9-4f49-9686-48cc53c1807d,Mrs. Jessica Mcintosh,4726.96,2026-01-14,Hannahfurt
69b8077c-8fdb-4d69-9760-6b1512060393,Ryan Kramer,5001.64,2026-01-27,Audreystad
007c27ba-b0e6-4d03-95d0-1b8b58ab3d1d,Jessica Jimenez,6351.31,2026-02-01,Roseberg
d626c470-a734-4305-a3e6-794d1c5fb928,Sarah Campbell,2701.27,2026-01-16,East Benjaminside
693fb5e3-d95d-4d39-9923-2793a2aca84b,Michael Montgomery,8979.8,2026-01-11,Parkerfurt
d887c5a2-28dd-46c4-a04a-0dd19d6ef579,David Galloway,5617.32,2026-01-18,Barbaratown
13101e6d-bb0a-4e46-af00-9d458e0563da,Mrs. Michelle Porter,4049.77,2026-01-06,Brockmouth
d2160cb7-61c8-4cf1-83cc-cab88e2b140a,Nicole Ramirez,7787.86,2026-01-16,Matthewton
a6955879-dafc-4fb7-8c25-2d04f9bd8048,Tiffany Smith,1170.17,2026-01-01,Hollytown
9db74302-5286-419e-9f1d-416045b12212,Deborah Walsh,2473.94,2026-02-04,West Davidfort
58db28bc-70f8-4d96-a6d1-c4f637e10e8d,Lisa Greene,8425.41,2026-01-15,Port Sherylbury
811f36a6-13a2-44ff-8ab7-0c0dd70d049e,Rhonda Tate,2764.59,2026-02-13,East Heatherchester
08abe126-3748-4566-b396-609e35ffd6f2,Laura Dawson,7604.14,2026-01-20,Dannyborough
98f78975-e31a-4364-a742-3437c2e1780f,Nicholas Hoffman,3638.58,2026-02-07,Mcgrathstad
c0040fe8-1391-40ef-93af-6cb1e03d2751,Kaitlyn Fisher,1770.55,2026-02-08,Brittanystad
ebe128f3-4811-4f1d-86b2-58b3bf0d2828,Jason Anderson,5444.89,2026-02-19,West Deanna
e15cd2a7-a1be-4b35-9ac0-d970eecc8bea,Jennifer Brown,8287.23,2026-01-08,South Mason
e8338a98-d7a1-4c6f-9b61-ef3eaf660fa5,Susan Kelly,4611.37,2026-01-29,Port Nicolemouth
b2afd652-47cf-4b00-a15d-cf9543b89a16,Rodney Mcgrath Jr.,7174.43,2026-01-02,Dannyhaven
ea039ad6-ec96-4c13-a1b8-64ce76158fa7,Danielle Donovan,2583.32,2026-02-18,Thomasstad
e30f25a8-24f3-4e8d-85a0-e347d767c324,Kenneth Davila,5808.57,2026-01-07,North Justinbury
b63e10ad-5c68-4f2a-b76e-8cc9748a4cef,Beverly Morrow,3507.84,2026-01-06,Dunnville
0940915d-3f83-4b76-87bb-94823bb938cd,Linda Petty,8049.31,2026-01-27,Davidville
218801fa-2688-4b1c-92ac-77d4efdffd0a,Kimberly Miller,2725.53,2026-02-11,Jasmineborough
6ab398f0-1c45-4195-8121-6e2215cd60b6,Donald Brooks,7832.35,2026-01-09,New Guy
409a6db2-f037-46df-bb6d-e69bf7789497,Connie Rich,302.99,2026-02-22,North Shawn
0c586cf2-b981-4a3b-8ccd-b7b6c03fed7e,Johnny Andersen,4931.54,2026-02-15,Port Kristentown
124d4ac8-1997-488b-95d7-c6a1002f7369,Derrick Cobb,6316.95,2026-01-10,Johnsonberg
3c4689ce-44a4-4d64-be83-863811c6ce39,Brandy Williams,4807.05,2026-01-02,New Troy
f59c7443-5409-4b76-9981-ca5240b5525a,Pamela Lee,6328.87,2026-01-17,Gregorybury
9cc19ae1-e993-4534-85cc-667f8b28dbc3,Aaron Morgan,7977.0,2026-02-04,Michaelton
7ecb51f3-47fc-4a5f-a540-d21224e75583,Jermaine Randall,6059.55,2026-01-29,Scottland
8b3a8d7c-1ecb-4ded-97bb-2643492e8403,Ray Smith,2734.42,2026-02-21,Anthonyland
6a3f582a-637b-4a71-b845-2b7431d34c3b,Mark Black,8824.67,2026-02-15,North Melissa
274e9950-2917-4902-b10e-39670db5a54b,Alejandra Flores,9660.2,2026-02-13,Port Tiffany
cb05e0f9-e31f-4942-ac61-04a880b68969,Raymond Howard,608.23,2026-02-10,Davidhaven
82da790b-500e-4c36-8712-9980ced62c05,Patrick Smith,5609.93,2026-01-12,West Jordan
31ed3bbe-1902-4358-864d-db8d3df6c0d7,Evan Bradley,3417.62,2026-02-18,Lake Loganmouth
72a52175-8ff9-457c-bb71-07c4fae4c680,Kirsten Thompson,3980.34,2026-01-12,Meyerland
3517cd29-2024-45c4-a4a5-9c2d5bd456b6,Mr. Paul Guzman MD,4307.01,2026-01-02,West Jimport
083c8fba-9874-4153-88f2-05be8dfb76c0,Thomas Herrera,8140.18,2026-01-26,Port Mirandaview
dd9a45dd-cf12-40ca-bb9b-4a8f6c5344a1,Kaitlyn Hudson,8937.54,2026-01-31,Daviston
1121ae1e-a221-4f73-abe6-83301630f2ec,Linda Wolfe,7209.31,2026-01-13,Morganville
aef28022-827d-4733-a4af-b972ab395f5c,Mary Gonzalez,8746.38,2026-02-13,West Melodytown
e4c6092a-58fd-4782-aa58-7ad8a183687d,Sarah Long,5731.25,2026-01-31,Anthonychester
2c943850-6ca6-467b-a4b9-8be51e881d6a,Kylie Alvarado,636.0,2026-02-12,Hufftown
09fe1af1-78f6-4bd7-9c7c-a37adc738a36,Kimberly Smith,8138.64,2026-02-07,Lake Susan
8d585357-4abb-4eb3-a3e9-0838a682ca90,Charles Benjamin,141.7,2026-02-12,West Marie
fbf9d697-35b7-43fc-9067-4a2e02a7c514,Miguel Moore,7999.61,2026-01-06,East Amyville
5f87312f-ccf0-4d98-9603-e9701cc119ac,Linda York,1548.19,2026-02-02,New Paul
3327bd6a-a8b7-4253-b5e3-0631a5789ca7,Cynthia Smith,6821.29,2026-01-31,South Kevinton
512d82c7-e967-4396-8a3e-5776f575a9b8,Omar Ford,5295.79,2026-02-08,New Charles
d46f211c-2be5-42d0-b445-41fe047dc963,Lance Myers,5560.12,2026-01-07,East Elizabeth
4f2f400a-ca3e-4dcc-9e54-ae0c8734b5d1,Joshua Gonzalez,3771.28,2026-02-11,Lake Alexandratown
373fce4a-92f4-4ede-8b72-011f353b6018,Jeremy Moreno,9970.53,2026-01-19,Velezfort
5a7233bb-52a3-48f1-b462-d643c3d634da,Kenneth Garcia,7462.33,2026-01-13,Lukemouth
abdd75b7-c13d-4b97-a1f1-2a7dd605cb1c,Tammy Walker,1075.67,2026-02-22,South Sonyaton
12e71000-575f-4d0a-bd46-646e8e2cf073,Javier Brown,204.87,2026-01-08,Port Michelleburgh
30c411cd-19f0-4833-8fe2-6c375c8e2489,Desiree Martinez,5917.01,2026-01-03,Youngfurt
fe8e8c87-03dd-41ef-be15-80736998cf90,Brad Jones,9195.98,2026-02-01,Jamesburgh
50e97a4f-8459-47c5-b4bf-d55730e71bc2,Sandra Nichols,8193.75,2026-02-03,Marshallfurt
67d760a7-c877-498f-9ca8-bd01d69a4738,Connie Martinez,6224.57,2026-02-14,Jessicatown
32d99075-aee4-4f0a-8451-eb025cc3c9a0,Daniel Snyder,7701.59,2026-01-16,West Donnatown
a7b5c086-fecc-443a-991c-1108ff61ac74,Austin Adams,2555.81,2026-01-14,West Williamside
0c6e17d6-267a-48fa-988a-3a86096932bc,Elizabeth Leonard,5680.87,2026-01-22,West Joseph
b40d63a9-d255-4c5b-a9d2-0269b79803d8,Shelby Woods,4866.39,2026-01-11,South Jasonburgh
34da28df-d572-4743-8a5e-9f5d7bee9ff1,Sarah Hopkins,1457.29,2026-01-24,Lake Angel
11f0c5ab-e84d-4ede-a245-f682f1778167,James Gonzalez,9884.23,2026-01-28,West Alicia
34564fea-6c3b-490b-bdc6-5f44295ebbd4,Thomas Brown,6566.97,2026-02-19,Boothview
37d3bb6e-b29e-4076-a499-ea47323bbd72,Jennifer Sellers,5417.79,2026-02-03,Kellyview
0175c824-ce20-443b-b707-a17a05bebf8d,Natalie Taylor,455.22,2026-02-18,Catherinebury
e3c131d3-20fa-4eba-b8a9-f41cf5a484b7,Paul Moore,5749.74,2026-02-15,West Abigailberg
467c0942-82b6-4a0b-87c1-5cfa3059b880,Jonathan Kirk,5642.05,2026-01-19,New Evanview
ea3281d6-e7d8-46c7-af2c-da458c022e60,Jimmy Holland,9485.1,2026-01-26,West Mark
ca53cb05-7066-4952-9a0e-12bf495f0ae6,Melissa Hall,9063.22,2026-02-16,Santiagoport
970f6d8b-4977-4768-9810-a284145102dc,Courtney Simon,4440.12,2026-01-01,Lake Cynthia
87957ab4-2135-4f37-87a7-cc6df23916e7,Frederick Robles,5973.76,2026-01-27,East Josephhaven
f122fa4a-2a82-4be7-b436-a372a918a199,Ryan Robinson,1779.1,2026-02-07,Washingtonview
6a506644-ed08-4115-b41a-5e3d652054e2,Garrett Williams,1775.3,2026-02-13,North Caleb
6b00944a-e7ff-460a-a561-7009bc9d17f3,Scott Gibson,5180.46,2026-01-01,Nicholsberg
086bc480-fa86-44d8-9564-c3550ea4585d,Shannon Ayala,5426.6,2026-01-07,Antoniochester
7800eef8-5c89-4612-bb9c-bf5d5af6797a,Sara Williams,7651.09,2026-02-09,Garyside
8e8829a6-8dca-4b90-bea9-3a8af7d86530,Michelle Taylor,7692.38,2026-01-22,Masonberg
667c0c33-da19-43ee-9c5c-2a4603914275,Luis Byrd,466.56,2026-02-19,Sarahaven
4f3374ae-5691-4cb2-9d6f-52f3d967ecc5,Kevin Mitchell,3352.53,2026-02-17,East Jesusmouth
22dd67aa-781c-4f97-a93c-ffceccfbe19b,Patricia Willis DDS,5400.31,2026-01-28,New Erikachester
9ea1b5bf-fd6b-4494-8ccb-b30a86b97a4e,Alicia Roberts,678.5,2026-01-11,Medinaview
7d7cc43f-3936-4288-a389-b992eaab8ac6,Yolanda Lester,6109.31,2026-01-15,Baldwinshire
2e5fb30a-d65d-45c8-a4a7-9c6a7b23b560,Ronald Irwin,7656.66,2026-02-17,Farrellfurt
e1e39065-e220-4d07-8b32-66cb56830d0a,Virginia Blevins,3472.12,2026-01-14,Ericaville
13c4f658-22bf-4e64-b964-0e0feacdacc0,Aaron Moore,8196.91,2026-01-21,South Fredborough
7ed75c81-d8d3-483a-aaaf-ab431c85cae8,James Flores,3865.36,2026-02-16,Lake Brookeside
c99069e8-af03-410c-8f09-c7cc6b52dd59,Juan Tyler,2333.37,2026-01-18,Danielfort
c34fa1ff-e7f0-4352-8a37-71dccfc0bc05,Lawrence Clarke,8619.75,2026-01-16,Duncanstad
80d9b02a-eb17-48ae-b37d-110326a62f22,Kaitlyn Avila,5157.14,2026-02-01,Marquezville
34a9436a-9cdb-436a-babc-2da58ce486b8,Bobby Parker,6124.99,2026-02-21,Glennfort
f5bf0bcb-912c-42fc-8e3b-d963d6bdbde4,Juan Foley,7107.97,2026-01-07,Kelseyland
14e10975-dbe8-46b6-989b-87bb378831dd,Brian Church,8385.17,2026-01-16,Glennborough
b1dc00fb-3286-47c9-b32e-6c884615e00d,Elizabeth Brown,1412.65,2026-02-05,Stricklandhaven
b18abf29-abc0-4229-a639-72b520e3ff7b,Tiffany Curtis,5113.6,2026-01-08,South David
7e162c30-f993-4d59-ae7c-32169899fb75,Holly Bell,7033.61,2026-01-22,North Andrea
f5753940-5027-45a3-b717-8d0c0b8d679e,Breanna Becker,9896.02,2026-01-07,Gallowayview
0b6cbdf2-4b83-40db-9ab7-897c5efe9c84,Dr. Charles Duncan,7543.94,2026-02-04,Christianmouth
a3a63090-51a9-4a9d-82ed-0cd12a1634eb,Madison Gutierrez,772.47,2026-02-21,Vargasfort
66529424-f060-439a-acf5-60f412270771,Amanda Rhodes,3497.17,2026-01-22,North Timothyfort
dd663e33-b561-44e3-8375-a29eba149712,Miss Sonya Rhodes,7132.3,2026-01-16,West Sean
f735775b-e775-46cd-aaee-91c5445bfa43,Jonathan Martin,2297.5,2026-01-29,Laurenfurt
4348f871-4696-40cd-94a6-12c889745cde,Alicia Moore,4522.97,2026-01-13,East Claudiaburgh
1e1c28af-1ccb-4034-b5f3-a12acd922f95,Miranda Brewer,7589.76,2026-01-24,Samanthastad
b002e0e9-7592-47c8-add2-f25bc17ef0ac,Cathy Snyder,1889.11,2026-02-18,North Erik
4f22da93-6551-4137-ac56-5765f7422b77,Michele Ortega,2436.47,2026-01-23,Leonardchester
5c56b89e-11bc-4690-a7de-7fdac8c5f97c,Samantha Ward,5013.38,2026-01-25,Patelland
52865921-9c56-42da-859f-e240396f44c7,Felicia Williams,1918.33,2026-02-15,Davidbury
dc7913ea-2d48-4b76-b254-7e0304a0a6f2,John Ross,9030.39,2026-01-12,South Lisa
cf464bcd-2423-434f-97f5-e5b8bafcd308,Sarah Arnold,2256.57,2026-01-31,Port Jameston
d4c94150-1f30-415c-a7bb-a1eb40d8c5ac,Javier Rivera,4323.14,2026-01-21,Lake Kevinhaven
d9419c0c-a473-43c6-af87-503a94e1db91,Kenneth Haynes,1873.02,2026-02-12,Lake Deborah
14e3b268-efb8-4e46-9dd8-5bc92fb37024,Brandi Sexton,8396.16,2026-01-25,West Victorstad
1b95df39-5450-48c8-9b89-d3f9d1331332,Matthew Mooney,6098.31,2026-01-18,North Jessica
48d5d2b5-e2d9-4ce7-8ad5-4497b638d1be,Kyle Dixon PhD,9255.61,2026-02-12,New Teresaview
eaec9a87-6201-4566-9e19-8016b3fb2112,Renee Werner,4810.95,2026-02-07,Brianview
7792f898-40ef-4668-a847-155011de33ce,Donald Kennedy,1538.66,2026-01-31,Garnermouth
33934bfb-ff84-4bfb-ab0f-7d0ac2623e10,Laura Gentry,662.09,2026-01-16,Briggsberg
6c363c6a-3bb9-4de3-9382-24b5562a0806,Amber Velazquez,7117.72,2026-01-10,New Leslie
5c6ba3a3-7e30-4219-816d-76a36187454b,Joseph Riley,812.32,2026-01-30,West Bradfurt
e022bad7-2730-4213-a566-39a50b452db0,Gregory Flores,7184.57,2026-01-10,New Robertfort
cb04c92c-4605-4fb7-9abe-d5e4ba64d5f2,William James,269.28,2026-01-27,Joshuahaven
57d3c2d7-39a5-4857-b685-bb33df84d825,Joshua Hill,2672.62,2026-02-21,Paulfort
c19d0ff6-e286-4935-a41c-d6a824b8eb16,Adam Kelly,5215.12,2026-01-24,Jamesberg
1d066ed2-f0eb-4f8a-8da1-8ff940033244,Brittany Mack,9159.16,2026-01-17,Lake Laurafurt
932b86ea-6ef3-4607-8a0a-76ce65643cab,Howard Miranda,1730.09,2026-01-31,New Jodyberg
9e611b84-c9a7-402c-b9c2-e17a87606aa5,Andrew Brown,4970.16,2026-01-26,Port Amyberg
0466b03a-b255-426e-a9e3-ed1753d64037,Stefanie Wilson,2406.17,2026-02-08,New Jennifer
e6907505-54fb-4d91-b9c3-5427cc95ac56,Kevin Franco,2286.51,2026-02-21,Mooreport
d5dac0ba-329d-4623-8895-e6f0b1ce8c3f,Bryce Gay,4312.6,2026-01-22,Larsentown
437ea6a4-34fc-40f4-a899-062041341ab2,Jillian Dawson,6310.01,2026-01-30,Joneschester
6c707be3-9384-4168-912b-5533a32ddabf,Kevin White,3420.14,2026-01-31,Michaeltown
5001a945-7111-4476-888d-09e5c467462c,Veronica Day,2749.51,2026-01-04,South Tiffanyville
77c26268-6634-4282-a1e3-a257f681a3bd,Mark Riley,1866.68,2026-02-01,Morsefort
4a8b224a-adef-4c84-ad2b-b7f8780aa973,Frances Irwin,6300.61,2026-01-28,North Jasonside
64802054-a87d-41ea-8357-98687d9b30f8,Barbara Acosta,330.85,2026-01-31,Port Rodney
83f38e4f-c41f-49f2-bbf9-c784ffaceaeb,Andrea Martin,8931.13,2026-01-18,South Nicholas
132772c5-b68f-4a61-8920-94e5d9b2eb9d,Robert Jones,9818.98,2026-01-01,Ortizchester
0b6d7591-8e2e-4f43-9e04-a5f81db0cd99,Cynthia Johnson,6844.37,2026-02-10,Lake Lisaland
affa6ff4-bce3-464e-b909-13d0257beacb,Kayla Jones,2136.58,2026-02-10,Tiffanyborough
bbf992fe-9683-40f3-85b1-4795a3b1e9f3,Summer Ward PhD,9275.97,2026-01-30,Samuelhaven
e52e5fed-e9a3-40c5-9fcb-24693bf68e0c,Neil Riley,6724.31,2026-02-21,Kellyshire
6879ad10-4a76-4788-a835-bd8aa3f26677,Joshua Velazquez,2609.5,2026-02-22,Matthewberg
546da1fa-fe65-48d1-8152-e93653e72187,Marc Freeman,8662.41,2026-02-09,South Scottburgh
c16b2935-d375-4769-aa41-7fc33ec9b6b4,James Brown,8985.59,2026-01-15,Wilsonburgh
3c69b412-5580-45f8-8746-d0042d8ee385,Angela Logan,914.6,2026-02-10,Ambershire
59ccf275-723f-4209-8cd9-d7afae5c4b01,Lisa Warner,1258.71,2026-01-15,West Robertborough
86712170-622f-4ffe-8938-c42a5fde99bc,Daniel Schwartz,470.56,2026-01-27,Whitefurt
2a78fb63-bf67-4a1b-b517-2a6651f383cf,Jessica Miller,9435.67,2026-02-02,Phillipsshire
72e2db41-ca9b-4b9c-88e4-295142787e8a,Taylor Patterson,915.55,2026-02-18,Port Amberhaven
f4c5f26b-d8fe-4a8c-95e5-ccd7457d79fb,Brittany Ramos,9488.04,2026-01-06,Ellenmouth
e10a28e2-8f7c-4a25-a82d-b6a574e6959a,Kristopher Williams,2808.5,2026-01-09,Patrickburgh
5f7e4faa-fa54-42e3-ba94-e002d5861ee2,Christina Mcclain,8522.89,2026-02-13,Florestown
00a684c8-37b5-42c8-98a1-e1ba4dae1e33,Leslie Moreno,106.4,2026-01-12,Jamesland
1d77403e-9cd2-4b52-b77f-05eff041a157,Lisa Sharp,4055.22,2026-01-02,Tiffanystad
414c13ee-bc9a-4790-9f17-4b102fe267fe,Jacob Key,7959.31,2026-02-21,Johnsonmouth
8705a97b-90fa-49af-9df6-63dd68c63e32,Tyler Cooper,3594.82,2026-01-22,West Christinaburgh
f002ab45-7a21-4199-a1ea-bf11b8085e30,Briana Orozco,2536.66,2026-01-27,East Jessica
c62815ed-cc25-4f0e-83bc-b8e3e9095dd8,Chad Ruiz,9986.16,2026-01-19,West Michael
1cc5cbec-4523-48ab-9963-d68dcdd3a3ca,Diane Williams,8272.11,2026-01-13,South Catherine
f6967b55-40e3-4ae4-a561-bf9a91627fa7,Taylor Murphy,339.46,2026-01-23,New Timothyside
52ae10b1-e505-4d46-b783-f8142f6383a2,Douglas Rubio,6327.2,2026-02-18,East Anthonyview
f1dd95c9-dfa4-4ffc-b624-b8fcda9001fc,Darin Watson,4238.25,2026-01-29,South Toni
b0369534-eab3-4ab5-bb65-2e37d592b075,Matthew Andrews,418.03,2026-02-17,Lewishaven
2de84eba-15d3-41bb-a972-ab0bf27e8845,Keith Villa,8225.46,2026-02-02,Amandahaven
6e34cfb3-24b7-4ba9-a840-8fa1480b0ca3,Justin Jensen,1630.96,2026-01-09,Jacobland
4bf1c5bb-5f87-4f50-9dac-3b52d2085718,Mary Howell,8438.23,2026-02-01,West Monicaview
46f04219-20c5-43f7-b3e5-f465d3897d94,Jordan Guzman,3195.62,2026-01-07,North Troy
84a5ded3-8363-48f7-96f6-8ab238f470fd,Michael Fowler,8588.75,2026-01-13,Kellyville
cb63c1c4-61ce-44f9-a3bd-df5efa1bc7e8,Carlos Rodriguez,659.54,2026-02-12,New Rachel
cc3ebc3f-1730-4f2a-b689-bfd18ccd69e3,Ryan Lamb,2756.86,2026-02-21,South Alishaberg
870e7c2a-699d-4248-8834-2c97b076adea,Dominic Morrow,4834.76,2026-02-05,Laceyborough
fed587e5-b54e-43a9-950a-6ca9739b27b3,Mark Herring,8908.82,2026-01-29,South Jessica
ebfac342-0b0f-4fc1-8cb3-8b6aafdd1991,Russell Jones,2226.3,2026-01-02,East Cheryl
e1a84e5b-460d-4340-8908-b0889c85b5eb,Heather Luna,6720.28,2026-02-13,East Maryview
8049bc7f-745b-4d9e-8727-2ddea7efcd91,Kathryn Torres,6918.3,2026-01-27,North Keithchester
0e67922e-5371-4204-ba4c-14beb56381cd,Samuel French,1040.67,2026-02-14,Lake Allen
d80d396a-147b-4489-96dd-7aea686d9b09,Jennifer Weiss,8422.41,2026-02-15,Zacharystad
6946f1da-6ad4-42b7-b463-78e59b170a2e,Chelsea York,2657.16,2026-01-10,Danielbury
086d7b96-c9f0-4fef-a236-af8fc124d7b7,Richard Burgess Jr.,1186.91,2026-01-23,Port Melissa
6d8e486d-14fc-4b69-aa9d-3baece7ccac6,Tammy Clark,711.93,2026-01-28,Stevenstad
68c345d7-d0f9-43fb-832f-39dfceeed98a,James Gutierrez,4591.65,2026-02-13,North Stevenland
e7b3af24-5a96-4b2f-bed5-89e369568afa,Sarah Morton,7128.46,2026-02-01,South Sherriland
f5524396-e4c5-4961-a253-6d6946c17508,Jonathan Zavala,7014.03,2026-01-02,Kennethville
f58a3d47-bc61-4763-a316-0b7e0d7f13eb,Brenda Macias,4267.82,2026-02-22,South Josestad
d60b7b6d-1993-4de1-a745-55955a24a3b0,Matthew Barton,1574.94,2026-02-03,East Antonioton
54a92535-2b97-4567-bd88-e6c28fe2dd92,William Gross,6830.5,2026-01-09,Blanchardchester
f4e44546-d311-48c4-bb2d-78fba7f5882b,Carmen Ross,6480.77,2026-01-26,West Thomas
2e5d1a71-71f4-4e14-b280-534b3f59d887,Cheryl Mcdonald,5037.65,2026-02-12,New Jennifer
b1f2cce1-0233-44b8-9c4b-c4b732571aa8,Lisa Brown MD,3686.98,2026-01-08,Jimenezshire
6debe677-948e-4a92-9b1f-d42d91d23c9e,Susan Orr,6976.4,2026-01-21,New Sharon
af5c36b8-6672-409a-9301-003374c0dec3,Sara Hodges,2784.53,2026-01-26,Mullinstown
6245a6a3-f0a9-4576-a09b-10345c3c3ded,Lori Chavez,5380.13,2026-01-24,Matthewstad
4c8355ee-2157-4176-a282-03ff9a97b125,Edward Duran,3936.6,2026-01-28,New Caleb
6262266b-b228-4924-8bc6-cb1a0cada616,Sarah Villegas,8083.62,2026-01-01,Weaverview
8296853c-f347-48b9-a40d-2efc4e21d40d,Tina Nichols,9134.43,2026-01-26,Jensenville
b50d08af-6fe4-4349-822c-368cfe70a7da,Andrea Williams,3933.98,2026-01-22,Leahton
bab72040-6051-44b6-bb36-035d9d257842,James Evans,9538.28,2026-02-20,Tammyside
904f2667-a867-4c18-8ff7-4db27b087977,Dr. Brittany Love MD,793.09,2026-01-15,East Eric
52be3eec-977f-4805-9b36-9e8491cf2ed1,Stephanie Smith,645.92,2026-02-19,North Ethanborough
8d038c4b-70aa-4c06-b25f-8f391e21e9d1,Amy Williams,901.93,2026-02-08,Williamsshire
f6f8e480-347a-465c-afec-62104eda6cfc,Gary Jones,2067.78,2026-01-04,Heatherchester
3a27e88f-6882-4d40-9dfe-db9068fd74ee,Anthony Nelson,2569.0,2026-01-26,Port Ronald
e8377a79-34e2-4146-a6b4-1a83cba9e4b8,Adrian Cannon Jr.,4668.0,2026-01-02,Port Eric
fd4a0f2d-bdcb-4a22-854a-c84667c69671,Scott Jackson,3503.62,2026-02-16,North Lori
6a9ee866-b70e-4c2f-8444-7d220bccfa0b,Kenneth Martinez,6987.61,2026-01-13,North Kenneth
dc6481f0-66cc-4374-be7b-b1822fe0070c,Allison Williams,591.02,2026-01-25,West Craig
ed874546-8af8-4926-894a-a1c044fbf48b,Barbara Gonzales,6414.57,2026-02-01,Parkerfort
fd1d2c6c-09db-42df-ae86-2b7f964dc1fe,Roberto Glenn,5561.41,2026-02-09,Erinfort
d4086d44-82a0-4161-bc5e-47d5a0e1a1e0,Paul Schultz,2275.02,2026-01-22,Paulastad
c90fafba-e0f6-4df0-945f-3f024fe6f27a,Randall Shah,1920.28,2026-02-01,Toddhaven
9603b1e9-a14f-4500-9666-925b4ca325ce,Anna Jones,6474.31,2026-02-16,Krystalmouth
365558d8-eb3f-4314-817e-6769fed37016,Matthew Kelly,1851.76,2026-02-15,Tammymouth
85062a05-8249-46b5-ac1a-ec4e18933990,Cathy Jones,4329.48,2026-02-19,South Tiffany
e7345144-d81a-49cb-b36f-45a4c977a499,Lori Rollins,6451.56,2026-02-20,North Eric
67647250-5be6-4572-960d-4f462191fd02,David Rice,6331.7,2026-01-24,Julieburgh
e94dd7d5-167e-4d1a-815e-700976f24370,Sandra Reynolds,3246.64,2026-02-06,West Rebeccachester
eb422507-e196-4621-bfa9-1a8d0e186a58,Barbara Daugherty,3967.45,2026-02-06,North Hectortown
aab92bc7-4586-46c2-9866-61dc01ba5cde,Ann Curtis,2866.4,2026-01-24,East Crystal
d0c34efb-8695-4188-9bca-e80bbd5bad8c,Julie Daniels,3933.29,2026-01-02,Lake Johnberg
40249f2f-f110-4392-bd45-4a4c87ee9dab,Peter Simmons,849.25,2026-02-11,Smithmouth
f61d00fc-3c51-4efb-915b-4d6f826bbcea,Madison Hughes,1913.79,2026-01-16,Woodville
b34bd20b-6542-45aa-ad96-5dbe9c20549a,Richard Hernandez,2824.18,2026-02-12,Lake Meganmouth
a876986c-018b-4f68-a20b-4b553fcb0330,Dr. Craig Wilson,456.82,2026-02-11,Foxport
c2fc6fb1-38ca-4ae2-a3c1-424594f77c56,Thomas Mitchell,8876.85,2026-01-02,North Sarah
3dd72c47-bde3-4c11-93d1-579d6a0677c9,Teresa Miles,9024.57,2026-01-03,Michelleside
b00a4dc3-893d-4344-9313-775043d054bd,Mrs. Jeanette Sanders MD,528.37,2026-01-07,South Tiffanyville
4e0321be-88a6-4b95-a2cd-9a1b79904a6c,John Conrad,9124.25,2026-02-15,New Catherinehaven
1c48e6a3-e7d6-4d45-b133-055c532110f9,Joanne Stone,3844.52,2026-01-31,East Joel
bf39a412-1f04-43ad-bc4a-dfb4e504539a,Mark Vincent,8595.43,2026-02-16,Arnoldfort
74671839-83e2-4ad8-81e9-e06b86a14a80,Lisa Moore,2938.3,2026-01-04,Sampsonchester
6bf24ab5-2776-4485-b88f-a10a8b9f474d,Troy Sweeney,5088.15,2026-01-09,Sullivanmouth
46842a7d-ff1d-40ad-a546-a1ad812b4026,Katie Brown,6748.55,2026-01-24,West Mark
5dbb38fb-ae89-4210-9909-1c73699b1803,Aaron Lawrence,9634.67,2026-01-16,East Melanie
e0716812-2b04-4d1d-bb6c-82a979fd3f25,Alex Wright,7043.57,2026-01-23,New Danielle
7b294cfc-728d-4cfb-9c2a-8fc11bac6e9a,Michael Williams,3506.32,2026-01-27,Lake Stacy
6d1d1d96-b703-4938-b2b0-c3f56478dfd3,Jennifer Brown,4276.14,2026-01-29,New Michaelfurt
0773925e-7a3d-4872-b27d-770c0561a12a,Amber Lee,281.34,2026-01-29,East Brianchester
b7262f81-656a-4247-8caf-92243ed22aa7,Stacy Jones,4261.31,2026-02-18,Bethton
6721b540-3587-4c5a-a642-f7513d076642,Anthony Mcdaniel,7018.14,2026-01-25,Staffordborough
53ab8e75-b275-4c58-b627-5c155e2ee841,Norma Brown,616.49,2026-02-20,Sabrinatown
d290e641-e7e7-44db-a0ad-d7f85d38dca3,Stephanie Gonzalez,7784.81,2026-01-04,East Franciscostad
33f69b5c-8c8d-4fc5-a197-45d56b63e8fa,Courtney Palmer,6018.63,2026-02-16,Michaelside
7b486dc3-93e6-4285-b05f-99445ba61d83,William Dalton,7410.62,2026-01-30,South Dylan
193dcb9d-486b-4c42-b6eb-fdac3bb2e3ba,Philip Thomas,2690.06,2026-01-02,South Josephborough
ce7f239c-7c81-4e9e-a135-01b48630ffce,Erika Bradley,5715.61,2026-01-04,South Randy
cbe6388b-c666-43e0-a598-3430f77e2fd7,Alan Espinoza,5830.13,2026-01-24,Wilsonmouth
42b32aec-f2ad-405a-a1c9-6f83cf840d0d,Elizabeth Wagner,5105.0,2026-01-20,East Timothy
96311d45-1c12-45ce-9ecc-bd84941739a9,Mrs. Haley Schmidt DVM,3662.61,2026-02-06,Port Markview
d991336e-387a-4f51-995e-14bf3a953d2b,Ryan Young,3610.38,2026-01-10,Bautistafurt
6c8c61e3-729e-482c-b24d-e77fe017f749,Jeremiah Jones,5948.26,2026-01-19,Port Jasonhaven
ee481eed-18a0-4059-9222-a45c4949d5ba,Jonathan Johnson,5763.29,2026-01-04,Marcland
7ebadac5-878a-4c2c-888f-20f37e21120c,Michael Jimenez,9853.32,2026-01-01,Knightburgh
1fdb7ab8-fa37-40d3-ae92-636e61fcee93,Tammy Smith,4725.51,2026-01-11,North Blake
271f3556-4c94-4177-a829-ea839d7a2908,Zachary Williams,1180.01,2026-02-13,Cruzmouth
308410ca-9a96-4b27-9504-464cb6ccd237,Benjamin Williams,1920.73,2026-01-31,East Linda
68a7b15e-ccbe-428f-b120-12685ae394ef,Erica Hoffman,1857.69,2026-01-31,Smithhaven
6848a2be-0de0-47ab-ad20-13073d0d8ba7,Jerome Valdez,9363.53,2026-02-19,East Annaport
f1baa9ea-9068-4935-94ac-62c8f534392c,Mark Neal,6350.4,2026-02-07,East Marymouth
baa33f54-ff8d-4220-a96a-2c843a23d36d,Keith Robinson,278.29,2026-02-11,New Teresa
3b4d2503-5829-4fe2-8ee2-7a4862a86c8c,Cheryl Adkins,6559.01,2026-01-07,South Michael
b33b6e43-c07d-492c-ab50-0f3f938d1ef1,Patrick Tucker,855.02,2026-01-16,Port Charles
388a37fc-150d-46e8-abc9-57ca06bce796,Donald Wilson,6458.66,2026-01-06,Jonesport
5ecd9c81-f052-47e6-9ec1-b3fb9ce5e2e7,Trevor Gonzalez,6239.46,2026-02-05,Roberttown
decdfe91-11a4-404c-b310-2051f6ea6e7c,Edward Rodgers,2723.19,2026-02-04,Rangelshire
467bca19-004a-4ed5-b96f-f3ed62e063e9,Kenneth Mcguire,9858.58,2026-01-22,Lake Jason
50eb7494-cbc1-4eb0-b760-312d5fb7ad2a,Melissa Dunn,7364.93,2026-01-12,East Nicholasmouth
e415e62b-5ee9-4d06-8672-c3691ad1acd5,Brandy Castro,3087.16,2026-02-22,Carlaville
fbd08f13-f8e9-4af4-86ce-666e74fc3307,Eric Bennett,6303.97,2026-01-31,Murrayfort
171dfb5e-c52e-4094-a46e-afa3858cf92a,Christopher Gray,4965.54,2026-01-18,New Ryan
481aff5c-9fa5-41c7-bcf7-ad1db97cb845,Joshua Lopez,6355.67,2026-01-26,New Cristian
804131fd-31f2-4a00-b975-f9d4de51dd16,Frank Cummings,6833.18,2026-01-18,Lake Justin
c2212b1e-81f4-4cb9-b0a3-872a897100ef,Nancy Phillips,821.84,2026-02-11,Lake James
94921acc-6c40-47fd-b77e-d7599225a2d8,Laura Kelley,9177.73,2026-01-13,Shelbyborough
9c59a1cc-43e5-46ef-a3f0-dd44098b518a,Scott Wallace,3926.7,2026-02-09,South Brianview
dede1388-2332-4abe-9c7c-d4e2e3424e95,Michael Miller,1335.42,2026-02-16,Gillburgh
240d2309-570a-4041-8d6c-08a712148ca7,Sharon Cunningham,1126.67,2026-01-13,East Timothyport
6dd24a78-5d1b-4cda-ae0b-99cde5e5277e,Jamie Evans,2086.21,2026-01-21,Michaelport
43a34c98-1daa-45c8-931a-bdc70bcec823,Emily Delgado,9677.61,2026-01-16,Port Jeffrey
fe4f8c7b-4bd1-4bbe-a368-ab7868ef5e16,Michael Quinn,5748.91,2026-01-28,Seanmouth
81b0fe67-7d3b-449a-903b-2ff2c771cbad,Emily Wagner,4521.51,2026-02-12,East Charlesfort
e8c018a6-aab0-4a88-8089-a3979f7daae5,William Garcia,6534.54,2026-02-19,Feliciastad
6b0ff2b3-7203-42c0-b0b6-475babfad07c,Kent Lewis,5727.53,2026-02-11,New Brittneymouth
3c5a14be-9b89-4532-af0d-d519b96875e7,Deanna Petersen,1125.67,2026-02-07,Dannyhaven
01a63fca-1650-4411-9ed0-a950e1075e6f,Todd Brown,7307.06,2026-02-16,South Charleshaven
541ab255-1b85-4079-a12c-f52e89437ec8,Deborah Daniel,206.74,2026-02-04,Lake Catherine
e4dc52b3-7121-40d2-a484-60f1e3bd64e8,Christopher Wolf,7720.99,2026-01-27,Port Michelle
5828ffaf-290e-4664-a0e3-65a3d427fd15,Michael Marsh,6892.59,2026-02-22,Hortonmouth
9b609fa1-60a2-4ded-ae01-6c8e3401748c,Christopher Brown,9776.59,2026-01-12,North Abigailmouth
f017dbf3-cb9c-40e1-b218-52e851ae3284,Adam Parker,1035.48,2026-01-05,South Kevin
933c4a39-0057-44e5-9f28-245f5898c633,Victoria Beasley,6069.84,2026-02-11,Brownshire
aecd5b35-4a8e-47ac-bb27-89c5419461a6,Derek Anderson,1938.09,2026-01-18,South Matthew
b88ea5fe-5707-411f-9dd3-f65d3843e246,Pamela Ford,7670.87,2026-01-30,Lake Erin
b576488d-bf19-4d9f-b993-05affe08879e,Jason Wilson,3659.52,2026-02-04,Wilsonberg
c5aff1ef-d460-471b-99fe-df40bc142c80,Jesus Shelton,9401.24,2026-01-07,Port Elizabethborough
9e3327f7-b07b-4a2a-8e58-e388f5da7a74,Joseph Jensen,1727.19,2026-01-16,Samanthabury
bc1b4195-52f2-4210-9de1-7a966eaf552c,Hannah Smith,4668.01,2026-01-07,Estradaburgh
d78a7e78-a197-487e-924b-8b0a666b861f,Darlene Turner,9350.64,2026-02-13,Isaacmouth
7df348ed-d75b-4a16-a089-c2ce15881475,Zoe Meyers,9019.02,2026-01-19,North Danielberg
47120bd0-debb-4748-98c5-e59e6d14dbb3,Brent Bradshaw,286.87,2026-01-12,West Kathleen
0c86b985-1182-4043-85ec-ec2f8ab8f966,Anthony Mayer,1745.47,2026-01-26,New Nathan
851c80f4-efbb-4f7e-a387-cf8a0a434bf4,Anthony Cooper,5584.34,2026-02-03,Martintown
b5ff14a9-6432-4634-8537-809847838cf6,Anthony Gonzalez,9956.9,2026-02-17,East Amyview
40bdbfc4-e49e-44e7-9ea7-1d6f26c66dad,Timothy Mills,1316.12,2026-01-23,West Ericborough
ace0bc6c-d5ea-4ca9-a672-0cbdf147f175,Marissa Navarro,6185.05,2026-02-11,Josechester
2fccb845-ec1b-497d-8b56-1a099fc55124,Cristina Harris,8988.51,2026-02-06,Lake Meghan
ec8e5799-c53f-45af-aa04-9bd59cbf8cc7,Cassie Nelson,1439.71,2026-01-30,Lake Katiemouth
85f243e3-8e6a-4468-ba97-d89de8f63c23,John Liu,2556.12,2026-01-15,Tylerside
cc80dd3d-f612-445d-8dea-32ec95a38f93,Kaitlyn Branch,1680.31,2026-02-09,Howellview
429faf05-f4b9-4668-88c4-a66546b58ba3,Grace Kent,5778.47,2026-02-10,West Susan
5d9f7825-e305-4173-907b-5a44c572f770,Alicia West,7317.84,2026-02-20,Sharonton
175deebf-071f-4841-8044-7522c8285c30,Patrick Yates,9583.32,2026-02-22,Amandaport
15af5d3f-5da3-4d7b-85da-5e933c7a5b79,Janice Williams,122.33,2026-02-04,South Douglas
07dd716a-383f-480b-97aa-d0e18424aa6c,Alicia Barnes,2466.99,2026-02-22,West Donna
63aa7c59-2099-4f1a-97e0-a008984178b1,Mrs. Rebecca Dominguez,8624.95,2026-02-19,Sarahville
eb8cc865-bdb3-47b4-a0a7-f29f4b2f7cc1,Stephanie Smith,7708.28,2026-01-12,North Colleen
7fe475c6-c737-49b6-8ee2-4ee4d504d0b9,Tyler Hale,3216.66,2026-02-09,Garciatown
107614fb-be1a-4005-9b10-391c750e5ba4,Alex Brown,8756.25,2026-01-06,West Tonychester
78b393a0-0fb8-486b-89ea-f4348de145eb,Jennifer Hernandez,1334.92,2026-01-16,Lake Steven
9a969a2c-0d5e-4ac5-8e23-6d8ad3e7ea92,Dominique Freeman,2876.38,2026-01-02,Moranmouth
82ce9226-9867-4079-93d2-80234e6aa242,Jason Glover,3993.71,2026-01-31,Danielleville
6b385c1f-7df6-42aa-ae47-4d4bea22f649,John Mcfarland,761.73,2026-02-03,Alexandriachester
2891ceea-2d7a-47c1-a54d-ae775cb10a84,Lisa Campbell,4102.43,2026-01-06,East Lisamouth
cefe30d8-9125-44f2-97a1-1574958a5610,David Gibson,1192.47,2026-02-14,South Carla
7b048538-d8b4-43e5-b63e-5e05eb32a808,Richard Walton,2068.57,2026-02-04,Lake Todd
7660cbfa-153d-4c33-8924-c36dcfc47716,Joel Richardson,4288.5,2026-02-06,Whitestad
93533173-cf48-449f-8b14-0e2eae0e86f9,Jennifer Hubbard,8920.18,2026-01-30,Flemingmouth
7a889c53-7e1f-4564-a6f5-1e529de72b4a,Michael Reilly,6000.12,2026-01-22,Thomasmouth
44926a07-c56b-485f-9517-b423ab3a98eb,Brian Rios,3765.63,2026-02-03,Lake Jonmouth
b82d5f9b-e309-4fff-8a25-505a51956b2c,Daniel Roberts,3745.94,2026-01-09,Yatesburgh
f2275c22-85b6-46c9-a071-2deaca6b84b3,Brooke Salas,945.89,2026-01-19,North Hunter
2a4d6b92-3963-4b2e-86df-4de8eae0ffed,Jamie Taylor,1471.15,2026-01-28,South Allisonside
c8d7079a-22b6-4f36-9e3a-2163f68e4a5c,Samantha Cunningham,8990.87,2026-01-13,New Paula
8c466e2b-4a80-477d-a608-462da65451ca,Douglas Rose,7150.09,2026-02-05,Reesebury
74ba4737-fd28-44b6-8b60-909cad3d265b,John Chen,6223.93,2026-01-07,New Davidhaven
5a002222-e83e-42cf-ae9b-1a4132883851,Sabrina Bray,7114.04,2026-02-08,Port Kathy
6d9e78b5-7f51-47f7-acdb-2d9caece9fd7,Jaime Elliott,3601.49,2026-02-06,Paulmouth
036c7a41-b4e1-48db-a536-e4ff26de33e2,Catherine Benton,3256.07,2026-01-08,Nancyview
ec0e82cb-28ef-4377-964b-73a8961d6f3f,Candace Smith,7619.83,2026-01-30,Donnaland
2c0ba2fc-8e86-4c74-861c-104dd65845d9,Jason Miller,6659.74,2026-01-29,South Robertchester
ad5c5e68-47ff-425e-b61d-bf6cde74086c,Lisa Porter,1977.16,2026-01-13,Lake Sheliaburgh
7157c650-b493-453e-9ea5-9852d4d5ee60,Emma Roberts,9267.19,2026-02-05,Myershaven
aa50f829-bca3-4bd9-b301-067eb0703586,Katie Fox,3165.0,2026-01-07,West Lorihaven
99976207-b1bb-4830-be66-7f7f3cba0639,Jordan Marquez,9768.06,2026-01-13,Porterport
8a68fb3b-5aba-44ed-a970-d6b82b24c492,Benjamin Barnes,7136.0,2026-01-25,East Patricia
6926fdc1-fdf0-45a5-8ee7-98b42c67bb9e,Emma Hull,4317.46,2026-01-09,Port Devonchester
ed7bf3bf-2f7f-4849-b1e9-6bfe41891142,Mark Gomez,2788.66,2026-01-01,Ewingville
